ID,Tên người dùng,5 phim coi gần nhất,Phim yêu thích nhất
1,nnheyek345,"['Shadows', 'Attack of the Jungle Women', 'Truy Lùng Trùm Khủng Bố 2', 'Sinh Vật Huyền Bí: Những Bí Mật của Dumbledore', 'Hannibal Hopkins et Sir Anthony']",Super Fly
2,xodcjrv179,"['The Lost', 'Real Cases of Shadow People: The Sarah McCormick Story', 'My Left Foot: The Story of Christy Brown', 'Băng Chuột: Câu chuyện Thợ săn quái vật', '白蟻：慾望謎網']",Tội Lỗi
3,kqjrfhc321,"['Linkin Park: Frat Party at the Pankake Festival', 'Shadows in the Desert: High Strangeness in the Borrego Triangle', 'Killer Whales: Up Close and Personal', '方世玉', 'The Thrill of It All']",Tà thuật hắc ám
4,xnhgzqu686,"['八國聯軍', 'Vượt Ngục', 'Elephant Song', 'Gỉ và Sương', 'Tìm Chốn Dung Thân']",K-9
5,ysbpbul265,"['Cuộc Gọi Lúc Nửa Đêm', 'Onoda', 'デジモンアドベンチャー02 THE BEGINNING', 'Night Shadows', 'Cuộc Chiến Giữa Các Thế Giới']",Vượt Ngục
6,fbhezkt245,"['Wolves at the Door', 'My Prairie Home', 'Little Boxes', 'లైలా', '劇場版「空の境界」第五章 矛盾螺旋']",Colectiv
7,kzywzac967,"['Love Songs', 'Crash Site', 'Trong Bóng Tối Của Mặt Trăng', 'The Stray', 'The Witness']",The Large Rope
8,mucxiqp940,"['The Terror Within', 'Jackson County Jail', 'Bond of Silence', 'Vampire at Midnight', 'Agente 077 missione Bloody Mary']",Monday at 11:01 A.M.
9,ohpsnny855,"['Điệp Viên 007: Ngày Mai Không Tàn Lụi', 'Antologia da Pandemia', 'Shadow of the Vampire', 'Shadows of the Dead', 'The Kings of Yorktown']",Giờ Mất Tích
10,ajfneta243,"['Buổi Thử Giọng', 'Dead Shadows', 'Kẻ Vô Danh 2', 'People: A Musical Celebration', 'The Mighty Ducks']",ഇരകള്‍
11,ibuxmij889,"['The Anthrax Attacks: In the Shadow of 9/11', 'La última señora Anderson', 'Lo strano vizio della Signora Wardh', 'Martin', 'Hidden Colors']",Christmas Wishes & Mistletoe Kisses
12,gesecsk112,"['Marty Jenkins and the Vampire Bitches', 'Things Change', '劇場版「空の境界」第六章 忘却録音', 'Medicine Man', 'खानदानी शफाखाना']",女囚７０１号さそり
13,mgphils718,"['Huyền Thoại Mã Vĩnh Trinh', 'Ruben Brandt: A Gyűjtő', 'The Black Alley Cats', 'Double Play: James Benning and Richard Linklater', 'Na Tra 2: Ma Đồng Náo Hải']",Con Đường
14,xvslikr869,"['Nữ Hoàng Voi - The Elephant Queen', '7 cajas', ""L'engagement 1.0"", 'Sát Nhân Giấu Mặt: Chương 2', 'And Then I Go']",Six jours
15,jqccjpd252,"['Thành Phố Động Vật: Phi Vụ Động Trời 2', ""L'engagement 1.0"", 'Nữ Hoàng Voi - The Elephant Queen', 'I Was a Teenage Zombie', 'জয় বাবা ফেলুনাথ']",The Man Who Collected Food
16,tqrghwe212,"['Lực Lượng Phản Ứng', 'Damn Yankees', 'The Immortal Story', 'La città delle donne', 'Shock']",It Happened at Lakewood Manor
17,igczlmq467,"['Chuyện Tình Gánh Xiếc', 'Ticking Boxes', 'Among the Shadows', 'The Spy Who Fell to Earth', 'Reform School Girl']",The Hidden Faith of the Founding Fathers
18,ztghgpl770,"['Shadow Conspiracy', ""L'Autre Dumas"", 'Shadow Dancer', 'Sóng Triều', 'Chuyện Tình Gánh Xiếc']",El faro de las orcas
19,kbhtuku741,"['Antifascisterna', 'Avengers 2: Đế Chế Ultron', 'Rocket Gibraltar', 'Anh Chàng Marty', 'Lưỡi Cưa 2']",The Mannequin
20,apjhqmu178,"['How to Rob a Bank', 'Black Mold', '俏師妹', 'The Islands and the Whales', 'Con Đường']",Victim
21,evrafuc721,"['Hidden Agenda', 'Cắt Ngón Thử Hài', 'Thảm Họa Chernobyl', 'Alien Conspiracies - The Hidden Truth', 'O Lobo Atrás da Porta']",Europe's Lithium Paradox
22,gugbmut655,"['Trashology', 'Ruby Cairo', 'Joy Division', 'Jewel: The Essential Live Songbook', 'Il boia scarlatto']",The Quare Fellow
23,pntcapm834,"['Huntress', ""The Razor's Edge"", 'Blizzard', 'Elephant', 'Joe']",Bí Kíp Luyện Rồng: Vùng Đất Bí Ẩn
24,gfrskph165,"['Straitjacket', 'Shark Vs. Whale', 'Killer Kid', 'Hunting Grounds', 'For Love of the Game']",ส้มตำ
25,sgrbuew863,"['Her Secret Sessions', 'The Shooter', 'Absolution', 'Killer Whales', 'Joni Mitchell: Woman of Heart and Mind']",女囚さそり　７０１号怨み節
26,occywae293,"['Đặc Vụ Không Gian: Không Lùi Bước', 'Boiling Point', 'O Estranho Mundo de Zé do Caixão', 'I AM.', 'One with the Whale']",RasTa: A Soul's Journey
27,tfsymfm618,"['நந்தா', 'Muzzle', 'Monday at 11:01 A.M.', 'Furioza 2', 'Điệp Viên 007: Định Mức Khuây Khỏa']",Summer's Blood
28,utsqwcw456,"['Showdown', 'Lincoln', 'Nữ Điệp Viên 009', 'Zombiegeddon', 'The Mad Whale']",From the Shadows
29,ujxwekh301,"['Ми не згаснемо', 'Na Tra 2: Ma Đồng Náo Hải', 'Das Wissen vom Heilen', 'Elton John: Becoming Rocketman', 'Scorpio']",Killer Whales: Up Close and Personal
30,dqabrni167,"['Joyeux Noël', 'Roboten och valen', 'Unhinged: Retribution', 'Hành Trình Bí Ẩn', 'Tiếng Hát Từ Trái Tim']",Bright Leaf
31,hryyqjm498,"['Cuộc Đời Ẩn Dật', '서양골동양과자점 앤티크', 'Biên Đồn 506', 'Superman', 'Ants']",Sát thủ mật danh 13
32,thvggpl164,"['Origami in the Garden', 'Hidden Truths', ""Glenn Wool: You Don't Go to Hell for Eating Elephants"", 'Orca', ""L'amore nascosto""]","The Phantom from 10,000 Leagues"
33,odigdtr102,"['Now, Voyager', 'Shadow: Dead Riot', 'Thòng Lọng Ma 3', 'Voce umana', 'The Madness of Humpty Dumpty']",Shock
34,pxwegnj417,"['Scorpions - Forever and a Day', 'Per 100,000 dollari ti ammazzo', ""Her Boyfriend's Secret"", 'The Madness of Humpty Dumpty', 'The Anthrax Attacks: In the Shadow of 9/11']",O Jardineiro do Convento/A Jardineira do Convento
35,icptyzj179,"['ബിഗ്  B', '7 cajas', 'Arcades & Love Songs: The Ballad of Walter Day', 'Thằng Gù Ở Nhà Thờ Đức Bà', 'Held Up']",My Left Foot: The Story of Christy Brown
36,djzxbfe850,"['The Spanish Gardener', 'Avanti!', 'Silent Victim', 'Cool Runnings', 'Dear Mr. Gacy']",Ticking Boxes
37,wzmcqap455,"['Humpback Whales', 'Sea of Shadows', '1,000 Shapes of a Female', 'Culpa nuestra', 'The Grasshopper and the Ants']",Chúng Nó Sống
38,fwrpzyo217,"['LOC: Kargil', 'Garlic Is as Good as Ten Mothers', 'Dybbuk Box: True Story of Chris Chambers', 'Shadow of Suspicion', 'Welcome to Macintosh']",Điệp Viên 007: Tiến Sĩ No
39,qbqhnfb381,"['Pagsisiyasat sa Gabing Ayaw Lumimot', 'Trong Vòng Vây', 'Kẻ Cuồng Sát', 'Scorpion', 'Nobody Dumps My Daughter']",La última señora Anderson
40,khakrzf631,"['Đầu Đảng Giang Hồ Ngoại Truyện: Kẻ Lang Thang', 'Michael', 'While the City Sleeps', 'One of the Missing', 'Thuốc trường sinh']",Mindflesh
41,gxxcuhf379,"['헨젤과 그레텔', 'Đặc Vụ Không Gian: Không Thể Làm Lại', 'One with the Whale', 'Room 0', 'Người Hỏa Tiễn']",Nạn Nhân Hồi Sinh
42,fnwabuu141,"['Trong Vòng Vây', 'Killer Whales: Up Close and Personal', 'Phù Thủy Rừng Blair 2: Quyển Sách Bóng Đêm', 'Tình Trạng Xấu: Cuộc Gọi Từ New Orleans', 'Kẻ Vô Danh 2']",An Elephant's Journey
43,ehqyxwt893,"['Joni Mitchell: Woman of Heart and Mind', 'New Chilling Tales: The Anthology', 'Vũ Điệu Chim Cánh Cụt 2', 'Africa United', 'Godzilla Minus One']",Mad City
44,trimyft537,"['Los placeres ocultos', 'Wolves at the Door', 'Marlon Wayans: Woke-ish', 'Agente 077 missione Bloody Mary', 'Cuộc Truy Đuổi Tàn Khốc']",Il gatto dagli occhi di giada
45,wisutgc823,"['Víctimas del pecado', 'Victimes', 'Room 0', 'ஜோ', 'Is This a Joke?']",While the City Sleeps
46,lyllciy894,"['Hidden Valley', 'One Life at a Time', 'Dumbo: Chú Voi Biết Bay', 'Chiến trường đồn cảnh sát', 'Jean Genet: Entretien avec Antoine Bourseiller']",Mantis
47,zluqlhb187,"['Tuyết Sơn Phi Hồ: Kho Báu Phương Bắc', 'The Outsider - Il Cinema Di Antonio Margheriti', 'Boiling Point', 'From the Hip', 'The Curse of the Jade Scorpion']",The Islands and the Whales
48,enkvoon469,"['Africa United', 'The Madness of Humpty Dumpty', 'Ellos trajeron la violencia', 'Phi Vụ Để Đời', 'Above the Shadows']",龍虎鬪
49,kemeffs273,"['Vùng Xanh', 'Shock', 'Ellos trajeron la violencia', 'A Very Merry Mix-Up', 'Nobody Dumps My Daughter']",Trashology
50,fpgiuib646,"['Terminus', 'The Great Caruso', 'Chú Thuật Hồi Chiến 0', 'Gần Mặt Cách Lòng', 'The Love Song of William H. Shaw']",Onoda
51,tsibkgd130,"['Hangar 10', 'Ninja Rùa: Đập Tan Bóng Tối', 'Murder to Mercy: The Cyntoia Brown Story', 'Độc Thủ Quyền Vương', 'Polly Pocket: Polly World']",Chống Khiêu Dâm
52,iejoqtr668,"['Scorpion', '2.0 Lucy', 'Ngã Rẽ Tử Thần', 'Nobody Dumps My Daughter', 'Où gît votre sourire enfoui?']",Mật Thám
53,cjbukev714,"['Victim/Suspect', 'ஜோ', 'Garden of the Dead', 'Baisers cachés', '12 Dogs of Christmas: Great Puppy Rescue']",Martin
54,flsqnxn674,"['Câu Chuyện Cá Mập', 'McBride: Anybody Here Murder Marty?', 'Huyền Thoại Mã Vĩnh Trinh', 'മാർക്കോ', 'Jackson County Jail']",Genesis 2.0
55,gpvadlv994,"['Kẻ Vô Danh 2', 'Terminus', 'Thế Giới Khủng Long: Tái Sinh', 'Things Change', 'Đầu Đảng Giang Hồ Ngoại Truyện: Kẻ Lang Thang']",The Big Kahuna
56,mueceeb781,"[""L'amore nascosto"", 'Who Killed the Electric Car?', 'Arcades & Love Songs: The Ballad of Walter Day', '12 Dogs of Christmas: Great Puppy Rescue', 'Nobody Dumps My Daughter']",Tù Binh Chiến Tranh
57,qlpswyt430,"['The Stray', 'Phi Vụ Bẩn', 'The Love Song of William H. Shaw', 'Minuscule: Thung Lũng Kiến', 'DumbFellas']",Le Jardin des délices de Jérôme Bosch
58,jzyjtgk721,"['ZEF - The Story of Die Antwoord', '祇園の姉妹', 'ส้มตำ', ""A Lover's Revenge"", 'Vũ Điệu Hoang Dã']",Lincoln
59,ibqupju452,"['The Source of Shadows', 'Arcades & Love Songs: The Ballad of Walter Day', 'Vô Danh', 'Pieces of April', '7 cajas']",Bright Leaf
60,edgouhb606,"['For Love of the Game', 'Jigsaw', 'Joy Division', 'Marty Jenkins and the Vampire Bitches', 'Où gît votre sourire enfoui?']",Dear Mr. Gacy
61,eocwzwp181,"['Das indische Tuch', 'അമര്\u200d അക്ബര്\u200d അന്തോണി', 'The Rest I Make Up', 'Điệp Viên 007: Điệp Viên Người Yêu Tôi', 'Na Tra 2: Ma Đồng Náo Hải']",Điệp Viên 007: Hẹn Chết Ngày Khác
62,swoevxb583,"['Wedlock', 'Dr. T & the Women', 'दम मारो दम', 'Deception by Design', 'Biệt Đội Giải Cứu Rồng: Bí Mật Của Rồng Hát']",Of Love and Shadows
63,vcdutak215,"['The Stray', 'Khu Vườn Ngôn Từ', 'The Book', 'Mùa Viết Tình Ca', 'Muzzle']",Genesis 2.0
64,nacyjmg208,"['The Shooter', 'The Gardener', 'Cast No Shadow', 'Rocket Science', ""11'e 10 Kala""]",The Curse of the Jade Scorpion
65,pkpmgnx100,"['Kelly + Victor', 'Chúa Tể Của Những Chiếc Nhẫn: Hiệp Hội Nhẫn Thần', ""11'e 10 Kala"", '古董局中局', 'Nữ Điệp Viên 009']",Lady Scorpions
66,lkgovuy495,"['The Moon Over the Alley', 'North by Northwest', 'My Ain Folk', 'Con Đường', 'Duma']",The Scarlet Pimpernel
67,hwdqavy756,"['მოთვინიერება', 'Le Retour de Martin Guerre', 'The Viking Sagas', 'മാർക്ക് ആന്\u200dറണി', 'Le cimetière des voitures']",Hidden Agenda
68,tsbjatg285,"['Che botte ragazzi!', 'जुदा होके भी', 'Blizzard', 'Joe Rogan: Triggered', 'Beiimaan Love']",A Taste of Whale
69,ryejaus585,"['Othello', 'Điệp Viên xXx', '女人心', 'Mình Cư Trú Ở Nơi Này: Hướng dẫn Sinh sống trên Hành tinh Trái Đất', 'Who Is Killing the Cheerleaders?']",The Stray
70,mxptzvq771,"['2.0', 'Hidden Gold', 'The Death of Antonio Sànchez Lomas', 'Little Boxes', 'Vòng Tròn Oan Nghiệt: Tái Sinh']",Disfluency
71,zomsunk237,"['Antigone', 'Humpback Whales', 'কি করে তোকে বলব', '劇場版「空の境界」第三章 痛覚残留', 'Bỏ Rơi']",दम मारो दम
72,pfqdxbw951,"['劇場版 空の境界 未来福音 extra chorus', 'The People In The Walls', 'Oviri', ""Logan's Run"", 'Fire Ants 3D: The Invincible Army']",The Phantom Express
73,nksplan899,"['Ice Age: A Mammoth Christmas', 'Dementia', 'Elephant', 'On the Line', '女囚７０１号さそり']",洪拳與詠春
74,vmuazae765,"['Linnea i målarens trädgård', 'Tài Xế Taxi', 'Hidden Colors', 'Shadow Valley', 'Quái Thú Vô Hình: Vùng Đất Chết Chóc']",The Elephant Man
75,hvgmloj792,"['Giờ Mất Tích', 'The Black Alley Cats', 'Along Came the Devil', 'Biệt Đội Giải Cứu Rồng: Bí Mật Của Rồng Hát', 'दम मारो दम']",Duma
76,nraiqyp490,"[""The Immortal Wars: Dekay's Paradox"", 'Câu Chuyện Cá Mập', 'The Breach', 'Lực Lượng Bóng Đêm', 'Screech of the Decapitated']",Square Grouper
77,cubnsxd150,"['Screech of the Decapitated', 'Lady Valor: The Kristin Beck Story', 'Antonia', 'Thòng Lọng Ma 3', 'Cắt Ngón Thử Hài']",Bright Leaf
78,uubchct835,"['Stutz', '女囚さそり\u3000７０１号怨み節', 'The Hidden Power of Purpose', 'Los que aman, odian', 'Dumb: The Story of Big Brother Magazine']",A Different Story
79,stpwrbc170,"['Boiling Point', 'The Lost', 'The People In The Walls', 'Killer Shark Vs. Killer Whale', 'Juventude Em Marcha']",Her Boyfriend's Secret
80,baowjpe288,"['Antropophagus', 'Absolution', 'Điệp Viên 007: Điệp Vụ Nữ Hoàng\u200b', 'Vòng Tròn Oan Nghiệt: Tái Sinh', 'The Devil’s Trap']",Antifascisterna
81,zxkfndp183,"[""Patrice O'Neal: Elephant in the Room"", 'Shadows of a Stranger', 'ジョゼと虎と魚たち', ""The Elephants' Graveyard"", 'Đầu Đảng Giang Hồ Ngoại Truyện: Kẻ Lang Thang']",Elephant White
82,ohagxvs503,"['The Curse of the Jade Scorpion', 'Culpa nuestra', 'Jigsaw', 'Il boia scarlatto', '20.0 Megaquake']",仇
83,zffjndg714,"['Whale Rider', '모비딕', 'The Lawless Breed', 'پذیرایی ساده', 'Los que aman, odian']",Wild Window: Whales
84,exrwqlq777,"['Hard Luck Love Song', 'Người Giấu Mặt', 'जुदा होके भी', 'The Elephant Man', 'Welcome to Hard Times']",春去冬来
85,kjofdpd704,"['Screech of the Decapitated', 'Tình Yêu Giả Dối', 'Attack of the Jungle Women', 'The Viking Sagas', 'The Man in the Shadows']",Hidden Colors
86,mgshwzb193,"['Maldito - O Estranho Mundo de José Mojica Marins', 'While the City Sleeps', 'Pagsisiyasat sa Gabing Ayaw Lumimot', 'Mayday at 40,000 Feet!', 'Burning Shadow']",Nạn nhân vô hình: Vụ án Eliza Samudio
87,luhivhe905,"['Phi Vụ Rửa Tiền', 'Jackass Shark Week 2.0', 'Invasion of the Killer Whales', 'Bản ballad của tay bạc nhỏ', 'Killing Lincoln']",Trò Chơi Ảo Giác: Ares
88,snmeljd565,"['Paws', 'One of the Missing', 'Cuộc sống bí mật của đười ươi', 'Scorpio One', '祇園の姉妹']",Hide and Go Shriek
89,jugulrp115,"['Stutz', 'Dummy', 'Evening Shadows', 'Vua Bọ Cạp', 'Killer Shark Vs. Killer Whale']",Little Boxes
90,bnueolt996,"['Fire Ants 3D: The Invincible Army', 'Vỏ Bọc Ma 2.0', 'Marty Jenkins and the Vampire Bitches', 'A Life Among Elephants', 'Ảo Mộng Ma Quái']",Das indische Tuch
91,qrcmsma651,"['Nhật Hoàng', 'Things Change', 'Hidden Turkey', 'The Devil’s Trap', 'The Gardener']",Conjoined
92,qaaglnd862,"[""The Prodigy: World's On Fire"", 'Băng Chuột: Câu chuyện Thợ săn quái vật', 'Malicious Mind Games', 'Cuộc Chiến Giữa Các Thế Giới', '白蟻：慾望謎網']",Along Came the Devil II
93,berrzhk991,"['Monkey on My Back', 'Vua Bọ Cạp 2: Chiến Binh Trỗi Dậy', ""Whispers: An Elephant's Tale"", 'White Elephant', 'Tài Xế Taxi']",Siêu Anh Hùng Bá Dơ
94,mwxmpma292,"['জয় বাবা ফেলুনাথ', 'Naksitrallid', 'Falcon Express', ""V.C. Andrews' Hidden Jewel"", 'Duma']",La montaña rusa
95,dkhmpnm919,"['Dybbuk Box: True Story of Chris Chambers', 'Hunting Grounds', 'Dummy', ""The Colonel's Stray Dogs"", 'நந்தா']",서양골동양과자점 앤티크
96,bheuakw553,"['The Love Song of William H. Shaw', 'কি করে তোকে বলব', 'The Gardener', 'Tà thuật hắc ám', 'The Last Victim']",Ticking Boxes
97,udqsdax840,"['Love Dump', 'The Sound of 007', 'پذیرایی ساده', 'Hành Trình Bí Ẩn', 'Stranded']",The Witness
98,kvrkgwu399,"['1,000 Shapes of a Female', 'Playback', 'Hidden Agenda', 'Hannah', 'Sinh Vật Huyền Bí: Những Bí Mật của Dumbledore']",Agente S 03: Operazione Atlantide
99,dobrown977,"['Chúng Ta Làm Gì Trong Bóng Tối', 'Anh Chàng Marty', 'Malicious Mind Games', 'God 2.0', 'தமிழ் படம் 2.0']",Hard Luck Love Song
100,gljuihy498,"['Pagsisiyasat sa Gabing Ayaw Lumimot', 'Cuộc Sống Muôn Năm', '劇場版「空の境界」第三章 痛覚残留', 'Shadow of Suspicion', 'Elephant']",Scorpion
