user_id,username,recent_movies,recent_images,favorite_movie,favorite_image
1,user_1,On ira|Mùa Đông Chết|Trái Tim Quả Cảm|Wicked: Phần 2|Vương Quốc Xe Hơi 2,https://image.tmdb.org/t/p/original/oTai2zngbGbAIuq9wGZvtXyuoJF.jpg|https://image.tmdb.org/t/p/original/ajdB8AoHKrYlOR4yMDMZYLFyfdj.jpg|https://image.tmdb.org/t/p/original/8lBcqakI3F19NWkXdqE0M8W76b9.jpg|https://image.tmdb.org/t/p/original/l8pwO23MCvqYumzozpxynCNfck1.jpg|https://image.tmdb.org/t/p/original/4BS8tgBNWg2jPiDlBwM2iJe1xB7.jpg,On ira,https://image.tmdb.org/t/p/original/oTai2zngbGbAIuq9wGZvtXyuoJF.jpg
2,user_2,Crying Wolf|Cuộc Đời Võ Sĩ|The BLVD|Mama Jack|Vùng Đất Linh Hồn,https://image.tmdb.org/t/p/original/rWLncrFDiV830iefLL0UUf7gEB3.jpg|https://image.tmdb.org/t/p/original/vfbryKoLrisx8Xh37OaTjTyrFY0.jpg|https://image.tmdb.org/t/p/original/oyYsgTOdrqO4dPmPIPVmA4XGqes.jpg|https://image.tmdb.org/t/p/original/gtcWmJHkhd9kfFCr5hDWQrZ50eb.jpg|https://image.tmdb.org/t/p/original/ukfI9QkU1aIhOhKXYWE9n3z1mFR.jpg,The BLVD,https://image.tmdb.org/t/p/original/oyYsgTOdrqO4dPmPIPVmA4XGqes.jpg
3,user_3,Sum Họp Kiểu Mỹ|Avengers 3: Cuộc Chiến Vô Cực|Giáo Viên Piano|Đi Tìm Nemo|The Astronaut,https://image.tmdb.org/t/p/original/6YOTQGsF0e9IL1DDwM9zB2NDm4I.jpg|https://image.tmdb.org/t/p/original/mDfJG3LC3Dqb67AZ52x3Z0jU0uB.jpg|https://image.tmdb.org/t/p/original/tEhvOU8nJp4v9goYwrJTASJJD3C.jpg|https://image.tmdb.org/t/p/original/eCynaAOgYYiw5yN5lBwz3IxqvaW.jpg|https://image.tmdb.org/t/p/original/8GP1eCp2C2izK9TMtIdYrr77ZaP.jpg,Giáo Viên Piano,https://image.tmdb.org/t/p/original/tEhvOU8nJp4v9goYwrJTASJJD3C.jpg
4,user_4,Điện Thoại Đen|Manželé Stodolovi|Accidental Texan|Contre-enquête|Chúa Tể Của Những Chiếc Nhẫn: Sự Trở Lại Của Nhà Vua,https://image.tmdb.org/t/p/original/AfvIjhDu9p64jKcmohS4hsPG95Q.jpg|https://image.tmdb.org/t/p/original/cZjzulqgNMhVWDthqUowDGFKcuj.jpg|https://image.tmdb.org/t/p/original/2e50o5n6KaFP8utQHlclpTybtIv.jpg|https://image.tmdb.org/t/p/original/geLvA85NzaIWcpkp3JoKLSkiT3o.jpg|https://image.tmdb.org/t/p/original/2u7zbn8EudG6kLlBzUYqP8RyFU4.jpg,Contre-enquête,https://image.tmdb.org/t/p/original/geLvA85NzaIWcpkp3JoKLSkiT3o.jpg
5,user_5,Đường Đua Rực Lửa 3|Phim Xì Trum|Chú rể và hai cô dâu|Harry Potter và Chiếc Cốc Lửa|Chuộc Lại Tình Yêu,https://image.tmdb.org/t/p/original/zxHHmvUYlYhBuBmZpIrjnamCO3c.jpg|https://image.tmdb.org/t/p/original/9whEVuKte4Qi0LI4TzPf7glinJW.jpg|https://image.tmdb.org/t/p/original/vWMt9uu77fJP5PU6MfYXANSH4Cs.jpg|https://image.tmdb.org/t/p/original/8f9dnOtpArDrOMEylpSN9Sc6fuz.jpg|https://image.tmdb.org/t/p/original/lD8dFIk9wDEvOwZw0RB47e346io.jpg,Chuộc Lại Tình Yêu,https://image.tmdb.org/t/p/original/lD8dFIk9wDEvOwZw0RB47e346io.jpg
6,user_6,Deadly Force|Veiled Aristocrats|Девочка Нина и похитители пианино|Người Nhện: Trở Về Nhà|Giáng sinh cùng Ex,https://image.tmdb.org/t/p/original/dYiOMlHG729s3WNjoEybWwaJR92.jpg|https://image.tmdb.org/t/p/original/3tbU6nIQBcULM8Kvbmz2eQQvkMq.jpg|https://image.tmdb.org/t/p/original/duu9Qpfq4IgftWG1HMXCwIdw7n5.jpg|https://image.tmdb.org/t/p/original/fn4n6uOYcB6Uh89nbNPoU2w80RV.jpg|https://image.tmdb.org/t/p/original/2GHJGnF2jgnzeqT3XTHjHXgk5Fx.jpg,Giáng sinh cùng Ex,https://image.tmdb.org/t/p/original/2GHJGnF2jgnzeqT3XTHjHXgk5Fx.jpg
7,user_7,Santa Maradona|Ác Mộng Kinh Hoàng|F1 Phim Điện Ảnh|ಕಾಂತಾರ|As Good as Dead,https://image.tmdb.org/t/p/original/ojcnSztiM3N2Bv1Jy0OVK7t5JfO.jpg|https://image.tmdb.org/t/p/original/h4Y2FEgrwAr1uK6KzEJQE3sJB4Z.jpg|https://image.tmdb.org/t/p/original/lkDYN0whyE82mcM20rwtwjbniKF.jpg|https://image.tmdb.org/t/p/original/kXElm7wt2kAXEVwJqW4cFhP43nW.jpg|https://image.tmdb.org/t/p/original/or8y8JFF0vR3N9ap0Vdhf9tfTxQ.jpg,F1 Phim Điện Ảnh,https://image.tmdb.org/t/p/original/lkDYN0whyE82mcM20rwtwjbniKF.jpg
8,user_8,Cuộc Chiến Giữa Các Thế Giới|EKS|Nhiệm Vụ: Bất Khả Thi - Nghiệp Báo Cuối Cùng|Người phụ nữ trong cabin 10|Années 20,https://image.tmdb.org/t/p/original/iZLqwEwUViJdSkGVjePGhxYzbDb.jpg|https://image.tmdb.org/t/p/original/2Ve7sjxLb3rKG8qJ1t7QEuNI0UM.jpg|https://image.tmdb.org/t/p/original/xPNDRM50a58uvv1il2GVZrtWjkZ.jpg|https://image.tmdb.org/t/p/original/9IHZeCusOd7RUaQpUrQJlKqjsUZ.jpg|https://image.tmdb.org/t/p/original/6xeRNyxVGc90iZJb98zJsUlk1CU.jpg,Người phụ nữ trong cabin 10,https://image.tmdb.org/t/p/original/9IHZeCusOd7RUaQpUrQJlKqjsUZ.jpg
9,user_9,Chúa Tể Của Những Chiếc Nhẫn: Sự Trở Lại Của Nhà Vua|M3GAN|The Retaliators|Trois amies|Hondo,https://image.tmdb.org/t/p/original/2u7zbn8EudG6kLlBzUYqP8RyFU4.jpg|https://image.tmdb.org/t/p/original/qd4EKTuudkws9lW76Dn9C0tnuVA.jpg|https://image.tmdb.org/t/p/original/mM2U4ZfXlOXS3KmpGT1zf3OHMuZ.jpg|https://image.tmdb.org/t/p/original/nVMpA0JPnfeu6R9sf7sTDwhTh5L.jpg|https://image.tmdb.org/t/p/original/zZWFQH8Sh5g3FsljHEZJVa9Lgwg.jpg,The Retaliators,https://image.tmdb.org/t/p/original/mM2U4ZfXlOXS3KmpGT1zf3OHMuZ.jpg
10,user_10,Juillet-août|Ajeeb Daastaans|Deadly Sins|Eliminators|Người phụ nữ trong cabin 10,https://image.tmdb.org/t/p/original/xNoVowREPeGSqvrhFBGuLH34O5D.jpg|https://image.tmdb.org/t/p/original/lrE4Oed7CEDfYL61twc4Pe7kPsB.jpg|https://image.tmdb.org/t/p/original/i84K7YigQNpihh7HdCTgecPgcYE.jpg|https://image.tmdb.org/t/p/original/ylU0kZPqDlPyaKkZ9TI7tvvGvAC.jpg|https://image.tmdb.org/t/p/original/9IHZeCusOd7RUaQpUrQJlKqjsUZ.jpg,Juillet-août,https://image.tmdb.org/t/p/original/xNoVowREPeGSqvrhFBGuLH34O5D.jpg
11,user_11,Người Đẹp và Quái Vật|Văn Hào Lưu Lạc: Quả Táo Tử Thần|Deadly Influencer|Thunderbolts*|Homo Argentum,https://image.tmdb.org/t/p/original/fW4ZCoEZRBqLAJGFQ2g5AdAfPQR.jpg|https://image.tmdb.org/t/p/original/vjnS4iu0SdwXm2LLqZGNCfpId9t.jpg|https://image.tmdb.org/t/p/original/8EN077mgzV4B2wGaGZ9EoIqdhii.jpg|https://image.tmdb.org/t/p/original/wSdWEc1G3OUWg8HAzNLqOZ9Gd43.jpg|https://image.tmdb.org/t/p/original/2fwoBrUYMK0PZVaFqesx2CoRF6H.jpg,Thunderbolts*,https://image.tmdb.org/t/p/original/wSdWEc1G3OUWg8HAzNLqOZ9Gd43.jpg
12,user_12,Thế Giới Khủng Long: Tái Sinh|Điện Thoại Đen 2|Macchie solari|Félvilág|Hồ Hài Cốt,https://image.tmdb.org/t/p/original/fQOV47FHTJdaSuSUNlzP3zXUZWE.jpg|https://image.tmdb.org/t/p/original/6zKjoOOb3OZnZuiHtQZn4Kd69Gq.jpg|https://image.tmdb.org/t/p/original/v4jXfcEpN0O9Lflb6Hmb9mhdJur.jpg|https://image.tmdb.org/t/p/original/cvOxBnR3IP2YBIvjFGBc0NDYpg6.jpg|https://image.tmdb.org/t/p/original/168dp7vy3kwOehcMpFaLOfB52NV.jpg,Macchie solari,https://image.tmdb.org/t/p/original/v4jXfcEpN0O9Lflb6Hmb9mhdJur.jpg
13,user_13,Giáng Sinh Phiêu Lưu Ký|Công Ty Quái Vật|Bí Kíp Luyện Rồng|Bittersweet Sixteen|Lovely Rita,https://image.tmdb.org/t/p/original/vFuKWgYAKzqp9jKPbVR9ZRoX824.jpg|https://image.tmdb.org/t/p/original/sDTnMOJ3H5wI38OxObmCtK7wfd5.jpg|https://image.tmdb.org/t/p/original/59vDC1BuEQvti24OMr0ZvtAK6R1.jpg|https://image.tmdb.org/t/p/original/dlk8oOHqPqq4Winh7GwjgOOAeUs.jpg|https://image.tmdb.org/t/p/original/zvfU3FO7e6i1xZBL3KIxjwhVqN8.jpg,Bí Kíp Luyện Rồng,https://image.tmdb.org/t/p/original/59vDC1BuEQvti24OMr0ZvtAK6R1.jpg
14,user_14,Deadly Games|Yellowbeard|The Retaliators|Nghệ Sĩ Dương Cầm|Ám Ảnh Dục Vọng,https://image.tmdb.org/t/p/original/bWRnutw2uhBCO9npKOasJLZKV9L.jpg|https://image.tmdb.org/t/p/original/pw5PtnJqGT45KCgPqaNH2KXEAs5.jpg|https://image.tmdb.org/t/p/original/mM2U4ZfXlOXS3KmpGT1zf3OHMuZ.jpg|https://image.tmdb.org/t/p/original/1XqIhsqnAozznGhxlGdI0GPcCro.jpg|https://image.tmdb.org/t/p/original/iGBbWXmAIgpiWg9Mx2D2gLzbg4n.jpg,Yellowbeard,https://image.tmdb.org/t/p/original/pw5PtnJqGT45KCgPqaNH2KXEAs5.jpg
15,user_15,Mission Thunderbolt|Micke & Veronica|Hãy Hỏi Tôi Điều Bạn Muốn|STRAW: Giọt nước tràn ly|Friedas Fall,https://image.tmdb.org/t/p/original/1wWMX7WnDUxCbQfEnnTdmsJqFwu.jpg|https://image.tmdb.org/t/p/original/loOHGpXL6wCCZTcz3VWoQeA7mX7.jpg|https://image.tmdb.org/t/p/original/8Rseq6hAhAItnTrbECEFt35VoSJ.jpg|https://image.tmdb.org/t/p/original/fnbWrDx8w8Reau4F1tFqoGuGmDZ.jpg|https://image.tmdb.org/t/p/original/nNsFyoW1txmCdoDT3QApCIGopnI.jpg,Friedas Fall,https://image.tmdb.org/t/p/original/nNsFyoW1txmCdoDT3QApCIGopnI.jpg
16,user_16,True Story|Cuộc Đời Forrest Gump|Keetje Tippel|Mayerling|Micke & Veronica,https://image.tmdb.org/t/p/original/6Pq5k17JjKfBErKz42e7mkDlBZF.jpg|https://image.tmdb.org/t/p/original/67HggiWaP9ZLv5sPYmyRV37yAJM.jpg|https://image.tmdb.org/t/p/original/jmBZp22GAoEUoVPEz3fKEIERs6r.jpg|https://image.tmdb.org/t/p/original/9yRSSXOogx6MWYJWEGdWmPxZSH.jpg|https://image.tmdb.org/t/p/original/loOHGpXL6wCCZTcz3VWoQeA7mX7.jpg,Cuộc Đời Forrest Gump,https://image.tmdb.org/t/p/original/67HggiWaP9ZLv5sPYmyRV37yAJM.jpg
17,user_17,"Gã Hề Ma Quái 2|My Annoying Brother|El Camino: Phim hậu bản của ""Tập làm người xấu""|Grinch Đã Đánh Cắp Giáng Sinh Như Thế Nào|Dead Awake",https://image.tmdb.org/t/p/original/6LVSrgm83UYWlrLTCVGmWhFKYO0.jpg|https://image.tmdb.org/t/p/original/2c4olWTGbfKbsQGMY28lusbKTPc.jpg|https://image.tmdb.org/t/p/original/uLXK1LQM28XovWHPao3ViTeggXA.jpg|https://image.tmdb.org/t/p/original/sy0vo1cmpKqwPRiMUiJ45jyLsX7.jpg|https://image.tmdb.org/t/p/original/wJ7ZHnzgpQbCvPZm0KOJeOHqts4.jpg,Gã Hề Ma Quái 2,https://image.tmdb.org/t/p/original/6LVSrgm83UYWlrLTCVGmWhFKYO0.jpg
18,user_18,Busy Bodies|Elvis & Anabelle|Sweet Revenge|Hải Quỳ Nở Hoa|En affære,https://image.tmdb.org/t/p/original/ud4vlQsJ2otfdQN2jVNJKYBUQXr.jpg|https://image.tmdb.org/t/p/original/9cy44nYsWmNblqcqCuPXZc74FuU.jpg|https://image.tmdb.org/t/p/original/pFUhSRX77CSAUIzA6DBosaGO9iJ.jpg|https://image.tmdb.org/t/p/original/7BVyUTP33BTXWlulZWGiRWJILkp.jpg|https://image.tmdb.org/t/p/original/ZaR1lWzUeqbZjw9j94ybuwjsXS.jpg,Hải Quỳ Nở Hoa,https://image.tmdb.org/t/p/original/7BVyUTP33BTXWlulZWGiRWJILkp.jpg
19,user_19,Những Cô Nàng Da Trắng|Quái Thú Vô Hình|Xác Ướp 1|Con Đường Băng 2: Trả Đũa|Legionnaire,https://image.tmdb.org/t/p/original/85k0kaoRgGmF6ACq0M61AFxhjLN.jpg|https://image.tmdb.org/t/p/original/70cezTFUmtijJLqnZw02gQlKVKJ.jpg|https://image.tmdb.org/t/p/original/8zLS8p1tRyWFLRFfmgQq0j5WE6z.jpg|https://image.tmdb.org/t/p/original/2nwhxEyefcIFKwOrSigiamoIzu2.jpg|https://image.tmdb.org/t/p/original/lHmI3sEY99Sduaupnx3BUXwcD7u.jpg,Legionnaire,https://image.tmdb.org/t/p/original/lHmI3sEY99Sduaupnx3BUXwcD7u.jpg
20,user_20,Smala Sussie|Captain America: Thế Giới Mới|M3GAN 2.0|Mangiala!|Contracorriente,https://image.tmdb.org/t/p/original/1pySFXXpL9qlSgP6A6NL5lsHMeu.jpg|https://image.tmdb.org/t/p/original/jhL4eTpccoZSVehhcR8DKLSBHZy.jpg|https://image.tmdb.org/t/p/original/cT9ZfwoPDk8JbgkessmQgxAWiaM.jpg|https://image.tmdb.org/t/p/original/qAuAHF32c2bpXiSfTWhZSN2ILne.jpg|https://image.tmdb.org/t/p/original/c1jYnf0oKLvoMeXAMH2joWt4STU.jpg,Smala Sussie,https://image.tmdb.org/t/p/original/1pySFXXpL9qlSgP6A6NL5lsHMeu.jpg
21,user_21,The Neighbor|Ölü Mevsim|Tội Phạm Nhân Bản 2049|Shelby Oaks|Câu Chuyện Đồ Chơi,https://image.tmdb.org/t/p/original/eDuP5bosdHdYjiELEsOo1FiXjVR.jpg|https://image.tmdb.org/t/p/original/xWDeIxrAXVE9PkGhEanTUcDbUMo.jpg|https://image.tmdb.org/t/p/original/mVr0UiqyltcfqxbAUcLl9zWL8ah.jpg|https://image.tmdb.org/t/p/original/jOuu4mEBOuJVb6CkkmRDpjnrZed.jpg|https://image.tmdb.org/t/p/original/3Rfvhy1Nl6sSGJwyjb0QiZzZYlB.jpg,Shelby Oaks,https://image.tmdb.org/t/p/original/jOuu4mEBOuJVb6CkkmRDpjnrZed.jpg
22,user_22,엄마친구|Solo Leveling -reawakening-|Hoàng Đế Lạc Đà|En folkefiende|Frygtelig lykkelig,https://image.tmdb.org/t/p/original/4jnDdvXt9GAzePbUBMpGQ3gQtAg.jpg|https://image.tmdb.org/t/p/original/hlfu6g0h0D65SjkVhQBU20zePTl.jpg|https://image.tmdb.org/t/p/original/mZj8EUr6F1x2PWZjKPxaeYd5WRw.jpg|https://image.tmdb.org/t/p/original/lIi2Hn4kgSe0GUPvgGAcmZY7Z7q.jpg|https://image.tmdb.org/t/p/original/iHQoMGXDw4Wg9PHEOXShbhBNJFm.jpg,Hoàng Đế Lạc Đà,https://image.tmdb.org/t/p/original/mZj8EUr6F1x2PWZjKPxaeYd5WRw.jpg
23,user_23,Audrey Rose|Deadly Midwife|Poor Things|Bob Trevino Likes It|Løvekvinnen,https://image.tmdb.org/t/p/original/9ylZRaHbbbVjaLCvTy7CfDbtu9w.jpg|https://image.tmdb.org/t/p/original/qzu2wyZ4JSOMUgTDtraYiJrQhtz.jpg|https://image.tmdb.org/t/p/original/zh6IdheEYinU4TPtorWsjx6qPQE.jpg|https://image.tmdb.org/t/p/original/m0VOz5KTHxGZB5iegG48U5EjHQD.jpg|https://image.tmdb.org/t/p/original/7b65xb3CgjbmYmWO4RPeuqI0bg8.jpg,Audrey Rose,https://image.tmdb.org/t/p/original/9ylZRaHbbbVjaLCvTy7CfDbtu9w.jpg
24,user_24,Ngày Huấn Luyện|Dead Awake|Thomasine & Bushrod|Phi Vụ Bẩn|Laura's Toys,https://image.tmdb.org/t/p/original/nuO8o9ltxhI7AZQxePavEZ4TyHa.jpg|https://image.tmdb.org/t/p/original/wJ7ZHnzgpQbCvPZm0KOJeOHqts4.jpg|https://image.tmdb.org/t/p/original/9pUOsY6XGUzCNwsdqMp1e0VmwgS.jpg|https://image.tmdb.org/t/p/original/k6tdiMTO39RQj3dhfspuzprfoe0.jpg|https://image.tmdb.org/t/p/original/dCz15Nt6MnVPBxBQwfGaGZPpEX2.jpg,Ngày Huấn Luyện,https://image.tmdb.org/t/p/original/nuO8o9ltxhI7AZQxePavEZ4TyHa.jpg
25,user_25,Băng Đảng Quái Kiệt 2|The Astronaut|Những Gã Trai Hư: Chơi Hay Bị Xơi|Tội Phạm Nhân Bản 2049|Người Nhện,https://image.tmdb.org/t/p/original/lB96EMr5A7Og81UhyldJvvy35r.jpg|https://image.tmdb.org/t/p/original/8GP1eCp2C2izK9TMtIdYrr77ZaP.jpg|https://image.tmdb.org/t/p/original/3q01ACG0MWm0DekhvkPFCXyPZSu.jpg|https://image.tmdb.org/t/p/original/mVr0UiqyltcfqxbAUcLl9zWL8ah.jpg|https://image.tmdb.org/t/p/original/qJzloL8O9YHhiWBrhlPfKAtZu2I.jpg,Tội Phạm Nhân Bản 2049,https://image.tmdb.org/t/p/original/mVr0UiqyltcfqxbAUcLl9zWL8ah.jpg
26,user_26,Le Routard|Vợ chồng lão Twit|Bố Già 2|Vacanze di Natale 2000|ಕಾಂತಾರ,https://image.tmdb.org/t/p/original/6pffDq3yzdRBxKd6y2O2InRzxZe.jpg|https://image.tmdb.org/t/p/original/i4o2aPGlnsxfPmDPF5lmlgjScyv.jpg|https://image.tmdb.org/t/p/original/kGzFbGhp99zva6oZODW5atUtnqi.jpg|https://image.tmdb.org/t/p/original/sJVbaOmHkx8yFcTI3jPnm8DcM99.jpg|https://image.tmdb.org/t/p/original/kXElm7wt2kAXEVwJqW4cFhP43nW.jpg,Bố Già 2,https://image.tmdb.org/t/p/original/kGzFbGhp99zva6oZODW5atUtnqi.jpg
27,user_27,Quỷ Tha Ma Bắt|Bánh Mỹ 5: Một Dặm Khỏa Thân|Die Ballade van Robbie de Wee|Trận Chiến Sau Trận Chiến|Tìm Chốn Dung Thân,https://image.tmdb.org/t/p/original/yAqL0makiGke5yYiVWpmBDSKIVP.jpg|https://image.tmdb.org/t/p/original/9IUZw1blAscYnyFi5vEFlHVXAWr.jpg|https://image.tmdb.org/t/p/original/jHEMFglJqVkYxg1MqWAW6aRCqtb.jpg|https://image.tmdb.org/t/p/original/zpEWFNqoN8Qg1SzMMHmaGyOBTdW.jpg|https://image.tmdb.org/t/p/original/iXRxlRsBr0mGr9Wx3OPbVdbUJzl.jpg,Die Ballade van Robbie de Wee,https://image.tmdb.org/t/p/original/jHEMFglJqVkYxg1MqWAW6aRCqtb.jpg
28,user_28,Sree Hari Hara Sudhan Swami Ayyappan|Regra 34|엄마친구 2020|Câu Chuyện Đồ Chơi 2|Black Knight,https://image.tmdb.org/t/p/original/nEhuHCbyniPx4nZJ1L9p9eUhbJy.jpg|https://image.tmdb.org/t/p/original/pHxggyWVzyYlnSVov6vURcaOy3k.jpg|https://image.tmdb.org/t/p/original/ovGDkjvZPTMVu3WEwAEtS9K005y.jpg|https://image.tmdb.org/t/p/original/tPK1kSevALeVGPfDFv1pwyHnoJ9.jpg|https://image.tmdb.org/t/p/original/udgq4FDqsRgJIACUrWlk1BRtUhf.jpg,Câu Chuyện Đồ Chơi 2,https://image.tmdb.org/t/p/original/tPK1kSevALeVGPfDFv1pwyHnoJ9.jpg
29,user_29,Micke & Veronica|Điệp Vụ Boston|Deadly Match|Il mattatore|Phim Kinh Dị Hài Mỹ,https://image.tmdb.org/t/p/original/loOHGpXL6wCCZTcz3VWoQeA7mX7.jpg|https://image.tmdb.org/t/p/original/6WRrGYalXXveItfpnipYdayFkQB.jpg|https://image.tmdb.org/t/p/original/5AwGu6V31NFZ9RHyMHLlT12qP89.jpg|https://image.tmdb.org/t/p/original/hsqZcoK3hjmriTx0KCq3XaqGDxv.jpg|https://image.tmdb.org/t/p/original/uHZRTGMFb1RLmgWcqlIOZsGbDCT.jpg,Phim Kinh Dị Hài Mỹ,https://image.tmdb.org/t/p/original/uHZRTGMFb1RLmgWcqlIOZsGbDCT.jpg
30,user_30,Pengantin Setan|Chuộc Lại Tình Yêu|The Legion|Na Tra 2: Ma Đồng Náo Hải|Chère Louise,https://image.tmdb.org/t/p/original/fo6Gw1AylyRJSeKk6QqrKD3UUER.jpg|https://image.tmdb.org/t/p/original/lD8dFIk9wDEvOwZw0RB47e346io.jpg|https://image.tmdb.org/t/p/original/9NlswPRK5Kap6KVr59Feah9EBLP.jpg|https://image.tmdb.org/t/p/original/8btfz81bOJ2lC7cujYBTw03wzg3.jpg|https://image.tmdb.org/t/p/original/3U8bsnnvKKx11zSXdVGFkq7Frpd.jpg,The Legion,https://image.tmdb.org/t/p/original/9NlswPRK5Kap6KVr59Feah9EBLP.jpg
31,user_31,L'Harem|Rymdresan|엄마친구|En folkefiende|Băng Chuột: Câu chuyện Thợ săn quái vật,https://image.tmdb.org/t/p/original/bPKBmKrmz0uAgFUazcqW9cmUvBa.jpg|https://image.tmdb.org/t/p/original/dOl05JtZtEOI0quebZOHWtMJCSa.jpg|https://image.tmdb.org/t/p/original/4jnDdvXt9GAzePbUBMpGQ3gQtAg.jpg|https://image.tmdb.org/t/p/original/lIi2Hn4kgSe0GUPvgGAcmZY7Z7q.jpg|https://image.tmdb.org/t/p/original/en0NbTEjf3qKokHvwGeaq9DBPIP.jpg,Băng Chuột: Câu chuyện Thợ săn quái vật,https://image.tmdb.org/t/p/original/en0NbTEjf3qKokHvwGeaq9DBPIP.jpg
32,user_32,Hoa Hồng Có Gai|Levottomat|Cô Nàng Hàng Xóm|Kokoda|Nearly Naked,https://image.tmdb.org/t/p/original/h4HSZjOeAoHQ3qPuy6x9Cyr69bS.jpg|https://image.tmdb.org/t/p/original/grTplvWVoB6Fe5wrI2CQnTR1Ci1.jpg|https://image.tmdb.org/t/p/original/qvcOovScPoRalRxDy50rYSYFree.jpg|https://image.tmdb.org/t/p/original/6SEh1SjP2EZ6OAIfc8c9btpmcli.jpg|https://image.tmdb.org/t/p/original/wtmpMiEHpIQxhAD4Vl8zIcGVGk8.jpg,Nearly Naked,https://image.tmdb.org/t/p/original/wtmpMiEHpIQxhAD4Vl8zIcGVGk8.jpg
33,user_33,Love+War|Tâm Thư Của Ann Lee|Something Beneath|Mayerling|Chiến Hữu,https://image.tmdb.org/t/p/original/J5TQCmC8JEQjKaD1foK1T04eVP.jpg|https://image.tmdb.org/t/p/original/pJptfzINz4foLJoUGlhPD2MwAmT.jpg|https://image.tmdb.org/t/p/original/5UG9aCr6ajWo1ZXVndyak0q2IdK.jpg|https://image.tmdb.org/t/p/original/9yRSSXOogx6MWYJWEGdWmPxZSH.jpg|https://image.tmdb.org/t/p/original/gILte6Zd7m1YneIr6MVhh30S9pr.jpg,Mayerling,https://image.tmdb.org/t/p/original/9yRSSXOogx6MWYJWEGdWmPxZSH.jpg
34,user_34,En kärlekshistoria|Wonder Woman: Nữ Thần Chiến Binh|Detenute violente|Tay Nghiệp Dư|Đại Chiến Pixels,https://image.tmdb.org/t/p/original/hdX3esdD6u0gUdU1oSAaNMFlFQk.jpg|https://image.tmdb.org/t/p/original/AaABt75ZzfMGrscUR2seabz4PEX.jpg|https://image.tmdb.org/t/p/original/vX2tvBTXJ095mcIgd2ym82mLV1r.jpg|https://image.tmdb.org/t/p/original/aD7FXrm2GErTmzrIFBntPyhAqS9.jpg|https://image.tmdb.org/t/p/original/41Y3h2FVfoU4baFdTZwRrlD4MDM.jpg,Tay Nghiệp Dư,https://image.tmdb.org/t/p/original/aD7FXrm2GErTmzrIFBntPyhAqS9.jpg
35,user_35,Culpa nuestra|Scarlet Diva|Sant'Agostino|As Good as Dead|Ralph Đập Phá,https://image.tmdb.org/t/p/original/srk5NlOnpEsd0hxVFiHfhtQtfDe.jpg|https://image.tmdb.org/t/p/original/hsOqtX5G0y27hfsD22D5jgUWhgX.jpg|https://image.tmdb.org/t/p/original/cUzVbqdFt86ReSxp41O8Gd2Wov5.jpg|https://image.tmdb.org/t/p/original/or8y8JFF0vR3N9ap0Vdhf9tfTxQ.jpg|https://image.tmdb.org/t/p/original/riKyo85CmJU48ZaSMLpuDNTZHuE.jpg,Sant'Agostino,https://image.tmdb.org/t/p/original/cUzVbqdFt86ReSxp41O8Gd2Wov5.jpg
36,user_36,Avengers 4: Hồi Kết|Mayerling|Coco: Hội Ngộ Diệu Kỳ|Nhà Tù Shawshank|Sát Thủ Cùng Phòng,https://image.tmdb.org/t/p/original/9wXPKruA6bWYk2co5ix6fH59Qr8.jpg|https://image.tmdb.org/t/p/original/9yRSSXOogx6MWYJWEGdWmPxZSH.jpg|https://image.tmdb.org/t/p/original/wSJHuSD7ojzoXifWjOAjxV7UpEL.jpg|https://image.tmdb.org/t/p/original/zfbjgQE1uSd9wiPTX4VzsLi0rGG.jpg|https://image.tmdb.org/t/p/original/csdXRjL5t3VmW4Kerni5LrwSki7.jpg,Avengers 4: Hồi Kết,https://image.tmdb.org/t/p/original/9wXPKruA6bWYk2co5ix6fH59Qr8.jpg
37,user_37,Trò Chơi Ảo Giác: Ares|The Helsinki Effect|On ira|Casotto|Chó Cưng Đừng Sợ,https://image.tmdb.org/t/p/original/jUplF2dluebAYdHa901mhPVOZYU.jpg|https://image.tmdb.org/t/p/original/aPqVFaqSdO2MHxtynQLIinTDEJ8.jpg|https://image.tmdb.org/t/p/original/oTai2zngbGbAIuq9wGZvtXyuoJF.jpg|https://image.tmdb.org/t/p/original/4r9CqZwi5NdDjGvoJLA9DYqodbO.jpg|https://image.tmdb.org/t/p/original/mPtPJzBkwksUoMEKpkZqxBrlKpZ.jpg,Trò Chơi Ảo Giác: Ares,https://image.tmdb.org/t/p/original/jUplF2dluebAYdHa901mhPVOZYU.jpg
38,user_38,The Astronaut|Kryptic|Người Hobbit: Hành Trình Vô Định|Dracula|Kẻ Vô Danh 2,https://image.tmdb.org/t/p/original/8GP1eCp2C2izK9TMtIdYrr77ZaP.jpg|https://image.tmdb.org/t/p/original/m9k4N5KKGzSyJRyzvYfF0FUmyv8.jpg|https://image.tmdb.org/t/p/original/e9XpCB9XoTSvek6O7PNvJMhSlIK.jpg|https://image.tmdb.org/t/p/original/kKq8FhAwqfRtrtSbMDauFqOGM9Y.jpg|https://image.tmdb.org/t/p/original/82C04rTiXYZ7c8XZv91Nu53w82Y.jpg,Dracula,https://image.tmdb.org/t/p/original/kKq8FhAwqfRtrtSbMDauFqOGM9Y.jpg
39,user_39,Hondo|Xâm Nhập|Avengers 2: Đế Chế Ultron|Canh Bạc Cuối Cùng|Contracorriente,https://image.tmdb.org/t/p/original/zZWFQH8Sh5g3FsljHEZJVa9Lgwg.jpg|https://image.tmdb.org/t/p/original/oM7AstNYo6eSkgAieXvsIxTPPDv.jpg|https://image.tmdb.org/t/p/original/kIBK5SKwgqIIuRKhhWrJn3XkbPq.jpg|https://image.tmdb.org/t/p/original/me3SisKfnxwBP69aOVKAVMw9vDM.jpg|https://image.tmdb.org/t/p/original/c1jYnf0oKLvoMeXAMH2joWt4STU.jpg,Xâm Nhập,https://image.tmdb.org/t/p/original/oM7AstNYo6eSkgAieXvsIxTPPDv.jpg
40,user_40,Rắc rối sâm panh|Poor Things|En liberté !|Ám Ảnh Kinh Hoàng|Giáo Viên Piano,https://image.tmdb.org/t/p/original/4FzoxZAJnhpoeYHexQCHorsWLxB.jpg|https://image.tmdb.org/t/p/original/zh6IdheEYinU4TPtorWsjx6qPQE.jpg|https://image.tmdb.org/t/p/original/gTql1SBpG15fzsoYKQZZtKujSxI.jpg|https://image.tmdb.org/t/p/original/aQCCpAIdWAp6wyFgjMry4okwrZo.jpg|https://image.tmdb.org/t/p/original/tEhvOU8nJp4v9goYwrJTASJJD3C.jpg,Giáo Viên Piano,https://image.tmdb.org/t/p/original/tEhvOU8nJp4v9goYwrJTASJJD3C.jpg
41,user_41,The Legion|Frankenstein|Furiosa: Câu Chuyện Từ Max Điên|Wake|Trò Chơi Cân Não,https://image.tmdb.org/t/p/original/9NlswPRK5Kap6KVr59Feah9EBLP.jpg|https://image.tmdb.org/t/p/original/hpXBJxLD2SEf8l2CspmSeiHrBKX.jpg|https://image.tmdb.org/t/p/original/wNAhuOZ3Zf84jCIlrcI6JhgmY5q.jpg|https://image.tmdb.org/t/p/original/ryOtVdaYyz1HduChYyWPy9dJDB.jpg|https://image.tmdb.org/t/p/original/k7GM13qRYSour3lk90Dq1EwdpoW.jpg,The Legion,https://image.tmdb.org/t/p/original/9NlswPRK5Kap6KVr59Feah9EBLP.jpg
42,user_42,All Wet|Deadly Influencer|Tội Lỗi: London|Santa Maradona|Bộ Tứ Siêu Đẳng: Bước Đi Đầu Tiên,https://image.tmdb.org/t/p/original/wLzSi0KoZMB7yEn2RQQyEJ9k39H.jpg|https://image.tmdb.org/t/p/original/8EN077mgzV4B2wGaGZ9EoIqdhii.jpg|https://image.tmdb.org/t/p/original/uJK0jjJ8QDOQw5lcNBwu059ht4D.jpg|https://image.tmdb.org/t/p/original/ojcnSztiM3N2Bv1Jy0OVK7t5JfO.jpg|https://image.tmdb.org/t/p/original/6eLtIyVHCzqoQdsLfOPPNVTxsn7.jpg,All Wet,https://image.tmdb.org/t/p/original/wLzSi0KoZMB7yEn2RQQyEJ9k39H.jpg
43,user_43,Sát Nhân Giấu Mặt: Chương 2|Roald Dahl's Esio Trot|Carnage Park|Lễ Hội|Năm Mươi Sắc Thái,https://image.tmdb.org/t/p/original/sSaUmM4bnZJ7PW5dlyRi7iONB65.jpg|https://image.tmdb.org/t/p/original/p3B1itcyIQTG2rpvDkCZrUtaPLD.jpg|https://image.tmdb.org/t/p/original/gJZgXTFQjkHh2ndd80RLJhoI7Fr.jpg|https://image.tmdb.org/t/p/original/cIOmrrkYerk4yU6w392yonH1xwD.jpg|https://image.tmdb.org/t/p/original/7IGKrY1f1KfwMipx9wZC4NRgIdF.jpg,Carnage Park,https://image.tmdb.org/t/p/original/gJZgXTFQjkHh2ndd80RLJhoI7Fr.jpg
44,user_44,F1 Phim Điện Ảnh|Khai Tử Đức Tin|Nhiệm Vụ: Bất Khả Thi - Nghiệp Báo Cuối Cùng|Thành Phố Động Vật: Phi Vụ Động Trời|My Annoying Brother,https://image.tmdb.org/t/p/original/lkDYN0whyE82mcM20rwtwjbniKF.jpg|https://image.tmdb.org/t/p/original/dC15RaDX4mmPB0omILrjTKMGy6W.jpg|https://image.tmdb.org/t/p/original/xPNDRM50a58uvv1il2GVZrtWjkZ.jpg|https://image.tmdb.org/t/p/original/9tOkjBEiiGcaClgJFtwocStZvIT.jpg|https://image.tmdb.org/t/p/original/2c4olWTGbfKbsQGMY28lusbKTPc.jpg,My Annoying Brother,https://image.tmdb.org/t/p/original/2c4olWTGbfKbsQGMY28lusbKTPc.jpg
45,user_45,Gatta Cenerentola|The Balloonatic|Apocalypse Clown|Brain Dead|Démanty noci,https://image.tmdb.org/t/p/original/1vm4QRKJSIHL4b1fpmTOTUzYd6V.jpg|https://image.tmdb.org/t/p/original/nWHXIwT7glFal6CIEw966spdqnZ.jpg|https://image.tmdb.org/t/p/original/jvQ6KyCxAmfOXxEMrNCam5vlkk9.jpg|https://image.tmdb.org/t/p/original/dBSPaJYQE1phin82QdOLDGRULyZ.jpg|https://image.tmdb.org/t/p/original/6NQaH8YAM9365WlC2EO3Ib7QbT.jpg,Brain Dead,https://image.tmdb.org/t/p/original/dBSPaJYQE1phin82QdOLDGRULyZ.jpg
46,user_46,Đấu Trường Âm Nhạc 2|Dead Bride|Carnal Crimes|Juillet-août|Người Nhện: Không Còn Nhà,https://image.tmdb.org/t/p/original/ztiFxuG0gC6wQ8y7JZFYbCQyN4Y.jpg|https://image.tmdb.org/t/p/original/6k0FfSAjCTwRr85HO0clTCbQ45k.jpg|https://image.tmdb.org/t/p/original/nvd1ppsERrLPX4yKeQqL98pmMyH.jpg|https://image.tmdb.org/t/p/original/xNoVowREPeGSqvrhFBGuLH34O5D.jpg|https://image.tmdb.org/t/p/original/tyQo080tijexyUHBvWPwQt26bZa.jpg,Người Nhện: Không Còn Nhà,https://image.tmdb.org/t/p/original/tyQo080tijexyUHBvWPwQt26bZa.jpg
47,user_47,Trước Ngày Em Đến|Public Enemies|Six jours|You Instead|Sát Thủ Đối Đầu,https://image.tmdb.org/t/p/original/3WK7p9EdZmmvB1IbB2Vw9Rf4lXH.jpg|https://image.tmdb.org/t/p/original/s1pkVLCJGgslNnlTN7IHOqKxilj.jpg|https://image.tmdb.org/t/p/original/tLf5hjuO4gx62lVojPiHsIzCroh.jpg|https://image.tmdb.org/t/p/original/eBrUS4Khh0NwM4V5BfJmlRY3FpY.jpg|https://image.tmdb.org/t/p/original/y2Ca1neKke2mGPMaHzlCNDVZqsK.jpg,Sát Thủ Đối Đầu,https://image.tmdb.org/t/p/original/y2Ca1neKke2mGPMaHzlCNDVZqsK.jpg
48,user_48,Bốn Anh Em|Coffee Shop|Butchers Book Two: Raghorn|En affære|Ác Quỷ Ma Sơ,https://image.tmdb.org/t/p/original/2pITFeesu6aikrEknoH6bNXOdhk.jpg|https://image.tmdb.org/t/p/original/ezbQO9y5WT28xHBAXC4BUVMl7Fb.jpg|https://image.tmdb.org/t/p/original/8BfXvZio7fB1FFWqB2Oz6tbi3ZX.jpg|https://image.tmdb.org/t/p/original/ZaR1lWzUeqbZjw9j94ybuwjsXS.jpg|https://image.tmdb.org/t/p/original/cMnVmutb5mVgIBeiMOncAbwNjvG.jpg,Bốn Anh Em,https://image.tmdb.org/t/p/original/2pITFeesu6aikrEknoH6bNXOdhk.jpg
49,user_49,Con trai của ngàn người cha|Der Ölprinz|Tín Hiệu Vũ Trụ|The Virginian|Sau Cuộc Săn Lùng,https://image.tmdb.org/t/p/original/zJyt6FnZNDLo22u8MpA8Lsg1bOl.jpg|https://image.tmdb.org/t/p/original/3pDUmvySpZ9NcDGsNfZdaLYjabi.jpg|https://image.tmdb.org/t/p/original/1QV5TIM7pVm0wcWthKIAj7cXjbJ.jpg|https://image.tmdb.org/t/p/original/5WjG360UnLAiSSj9NTcJle4bxnn.jpg|https://image.tmdb.org/t/p/original/sJxLi807vafkcFtHsnTe080Emt0.jpg,Tín Hiệu Vũ Trụ,https://image.tmdb.org/t/p/original/1QV5TIM7pVm0wcWthKIAj7cXjbJ.jpg
50,user_50,Nhà Búp Bê Của Gabby: Phim Điện Ảnh|Heavenly Sword|Shrek 2|Waimea|Chuyện ngày xưa ở… Hollywood,https://image.tmdb.org/t/p/original/MrcSSzWGsXf2IUJpjPPFLlNbjX.jpg|https://image.tmdb.org/t/p/original/gKcFbx4QsanSNyblcsnycCEgKdq.jpg|https://image.tmdb.org/t/p/original/8ohobj5lAIbl5XWw11FywS3IRrS.jpg|https://image.tmdb.org/t/p/original/mf31vuPXIPoy5ESzZwYeBR0zJdz.jpg|https://image.tmdb.org/t/p/original/aQLygZOIKai6aaiBAeeKpIWO5nc.jpg,Waimea,https://image.tmdb.org/t/p/original/mf31vuPXIPoy5ESzZwYeBR0zJdz.jpg
51,user_51,Carnage Park|Tử Chiến Ma Cà Rồng|Die Puppe|Alois Nebel|Strangers May Kiss,https://image.tmdb.org/t/p/original/gJZgXTFQjkHh2ndd80RLJhoI7Fr.jpg|https://image.tmdb.org/t/p/original/gsi9F4tHPWJbVQSYaO1YDAAbdhU.jpg|https://image.tmdb.org/t/p/original/aIhBr3y8lUv7fGBaoTh1btKaEzf.jpg|https://image.tmdb.org/t/p/original/wq09HGlCcIX5kwBe2SvTPwhENZp.jpg|https://image.tmdb.org/t/p/original/3Jlvs3P3Mfh6bfGEgKSs4VyKVzf.jpg,Carnage Park,https://image.tmdb.org/t/p/original/gJZgXTFQjkHh2ndd80RLJhoI7Fr.jpg
52,user_52,Dũng Sĩ Phương Bắc|Forces spéciales|Suicide Squad: Điệp Vụ Cảm Tử|7 Tội Lỗi Chết Người|Bộ Vest Tuxedo,https://image.tmdb.org/t/p/original/fqw8nJLPRgKRyFSDC0xBsC06NGC.jpg|https://image.tmdb.org/t/p/original/cImYSNm0piuUfjlBCozNPEEvTK2.jpg|https://image.tmdb.org/t/p/original/jlGmlFOcfo8n5tURmhC7YVd4Iyy.jpg|https://image.tmdb.org/t/p/original/hkKTtlHjiVUW5XRfkQfl3FmJUfX.jpg|https://image.tmdb.org/t/p/original/1wo90L3F7hA9h6cG5xfz3dB1IE6.jpg,Suicide Squad: Điệp Vụ Cảm Tử,https://image.tmdb.org/t/p/original/jlGmlFOcfo8n5tURmhC7YVd4Iyy.jpg
53,user_53,Kẻ Hủy Diệt|Elvis & Anabelle|Chơi Bóng Ngoài Vũ Trụ|Der Ölprinz|En liberté !,https://image.tmdb.org/t/p/original/ffdqHMWkh1h9MABwIfbfRJhgFW6.jpg|https://image.tmdb.org/t/p/original/9cy44nYsWmNblqcqCuPXZc74FuU.jpg|https://image.tmdb.org/t/p/original/xIoWDHSA2ymOewcCpoUID4PpDb3.jpg|https://image.tmdb.org/t/p/original/3pDUmvySpZ9NcDGsNfZdaLYjabi.jpg|https://image.tmdb.org/t/p/original/gTql1SBpG15fzsoYKQZZtKujSxI.jpg,Der Ölprinz,https://image.tmdb.org/t/p/original/3pDUmvySpZ9NcDGsNfZdaLYjabi.jpg
54,user_54,Shelby Oaks|Tâm Thư Của Ann Lee|Varanasi|Silent Tongue|Bẫy Niềm Tin,https://image.tmdb.org/t/p/original/jOuu4mEBOuJVb6CkkmRDpjnrZed.jpg|https://image.tmdb.org/t/p/original/pJptfzINz4foLJoUGlhPD2MwAmT.jpg|https://image.tmdb.org/t/p/original/iZbZjYflt859q8hR7bsvApeDLr5.jpg|https://image.tmdb.org/t/p/original/gjfiRbLg0PV6aLpHOtscL9rL9mx.jpg|https://image.tmdb.org/t/p/original/aJgTPBIkB5rovcF9FjUMl05W10D.jpg,Silent Tongue,https://image.tmdb.org/t/p/original/gjfiRbLg0PV6aLpHOtscL9rL9mx.jpg
55,user_55,Superman|Seedpeople|First Moon|Công Chúa và Chàng Ếch|Bí ẩn gia đình Carman,https://image.tmdb.org/t/p/original/eU7IfdWq8KQy0oNd4kKXS0QUR08.jpg|https://image.tmdb.org/t/p/original/wbj8JACZCJQIb1JdfwN0nk0XF2o.jpg|https://image.tmdb.org/t/p/original/7h0qCqkuQzmG5vXN3lGBc06reLd.jpg|https://image.tmdb.org/t/p/original/y5tad0a4yRbxYgOHGllEIEeCCKt.jpg|https://image.tmdb.org/t/p/original/6PDjJkzRA1gNkUqpM9Su17N4B8y.jpg,Seedpeople,https://image.tmdb.org/t/p/original/wbj8JACZCJQIb1JdfwN0nk0XF2o.jpg
56,user_56,Tình Yêu Đích Thực|Rolling Vengeance|Eran brujas|Missionary|Another Coffeehouse Chronicles Movie,https://image.tmdb.org/t/p/original/xUWf5xX0AnZgAnYXAMk03zTbsef.jpg|https://image.tmdb.org/t/p/original/8EywoWuOy8TYBvSNpkrMVR5T9W3.jpg|https://image.tmdb.org/t/p/original/f2SUTv6qGGQK9k8gInnG0z9mBN3.jpg|https://image.tmdb.org/t/p/original/qiGmQNr8Nnj0eFdXBuMyXPUMmXd.jpg|https://image.tmdb.org/t/p/original/1dKIjvloNJ1u0fBeGZ28L6y3Fo9.jpg,Missionary,https://image.tmdb.org/t/p/original/qiGmQNr8Nnj0eFdXBuMyXPUMmXd.jpg
57,user_57,Quỷ Tha Ma Bắt|Trận Chiến Sau Trận Chiến|Ba Chàng Ngự Lâm|Tình Yêu Đích Thực|The Prank,https://image.tmdb.org/t/p/original/yAqL0makiGke5yYiVWpmBDSKIVP.jpg|https://image.tmdb.org/t/p/original/zpEWFNqoN8Qg1SzMMHmaGyOBTdW.jpg|https://image.tmdb.org/t/p/original/iuRVt8tFiXDPGgzavhuSa3QHRxD.jpg|https://image.tmdb.org/t/p/original/xUWf5xX0AnZgAnYXAMk03zTbsef.jpg|https://image.tmdb.org/t/p/original/12u5EdTUYjdoAfalFSXrC3IMTpJ.jpg,Quỷ Tha Ma Bắt,https://image.tmdb.org/t/p/original/yAqL0makiGke5yYiVWpmBDSKIVP.jpg
58,user_58,Mật Nghị Vatican|Chainsaw Man - The Movie: Chương Reze|Dos Abrazos|Đảo Quái Vật|Năm Mươi Sắc Thái,https://image.tmdb.org/t/p/original/1YMrOtrW7b4pL2lfD8UciZPOJGs.jpg|https://image.tmdb.org/t/p/original/gqTz24ZRsCP6AKjARmEivY7m0cK.jpg|https://image.tmdb.org/t/p/original/gbAlHKuS0vRj9xP0Av2M8V1MROh.jpg|https://image.tmdb.org/t/p/original/fxKC10HQliVA3Tn5smOclqzL96N.jpg|https://image.tmdb.org/t/p/original/7IGKrY1f1KfwMipx9wZC4NRgIdF.jpg,Năm Mươi Sắc Thái,https://image.tmdb.org/t/p/original/7IGKrY1f1KfwMipx9wZC4NRgIdF.jpg
59,user_59,Những Kẻ Bên Lề|Bobby Deerfield|Le Souper|Oppenheimer|Đứa Trẻ Bị Đánh Cắp,https://image.tmdb.org/t/p/original/q6OGlZ1KMEb14AC8KbPCxyNOal6.jpg|https://image.tmdb.org/t/p/original/4iYivdr37E8GbJnUgR0WTqG72sF.jpg|https://image.tmdb.org/t/p/original/tsWNVWiy6xqwC25x5Y6h64PwLc9.jpg|https://image.tmdb.org/t/p/original/ycnO0cjsAROSGJKuMODgRtWsHQw.jpg|https://image.tmdb.org/t/p/original/qcDDn7WeKBenM4nLlOPXAeJ4hpg.jpg,Những Kẻ Bên Lề,https://image.tmdb.org/t/p/original/q6OGlZ1KMEb14AC8KbPCxyNOal6.jpg
60,user_60,Legionnaire|Arctic Predator|Mật Mã Đỏ|Forces spéciales|Kryptic,https://image.tmdb.org/t/p/original/lHmI3sEY99Sduaupnx3BUXwcD7u.jpg|https://image.tmdb.org/t/p/original/ykqrPTWtTmxj22FswaWYTl9ZeOr.jpg|https://image.tmdb.org/t/p/original/rOmUuQEZfPXglwFs5ELLLUDKodL.jpg|https://image.tmdb.org/t/p/original/cImYSNm0piuUfjlBCozNPEEvTK2.jpg|https://image.tmdb.org/t/p/original/m9k4N5KKGzSyJRyzvYfF0FUmyv8.jpg,Kryptic,https://image.tmdb.org/t/p/original/m9k4N5KKGzSyJRyzvYfF0FUmyv8.jpg
61,user_61,Dead Reckoning|Bí Kíp Luyện Rồng|Underground|Dream Eater|Vua Sư Tử,https://image.tmdb.org/t/p/original/8u6jMcCebzjM18QDIS7x41CR53h.jpg|https://image.tmdb.org/t/p/original/59vDC1BuEQvti24OMr0ZvtAK6R1.jpg|https://image.tmdb.org/t/p/original/lcpdqvmkC95sPubTSSNX5GvTrPv.jpg|https://image.tmdb.org/t/p/original/vqrw1TwujGvNcDBL6xVVU9cUKge.jpg|https://image.tmdb.org/t/p/original/q00H8EqULYSK74lgevMkhmGGLHn.jpg,Dead Reckoning,https://image.tmdb.org/t/p/original/8u6jMcCebzjM18QDIS7x41CR53h.jpg
62,user_62,Bánh Mỹ 5: Một Dặm Khỏa Thân|Star Wars 4: Niềm Hy Vọng Mới|Harry Potter và Hoàng Tử Lai|Uncontained|Black Knight,https://image.tmdb.org/t/p/original/9IUZw1blAscYnyFi5vEFlHVXAWr.jpg|https://image.tmdb.org/t/p/original/2w4xG178RpB4MDAIfTkqAuSJzec.jpg|https://image.tmdb.org/t/p/original/iy0QpPxhmAhDjD8p7ukYHQB8HMh.jpg|https://image.tmdb.org/t/p/original/t4Ime5pwc10Ei6nGIhxn3M06rDB.jpg|https://image.tmdb.org/t/p/original/udgq4FDqsRgJIACUrWlk1BRtUhf.jpg,Uncontained,https://image.tmdb.org/t/p/original/t4Ime5pwc10Ei6nGIhxn3M06rDB.jpg
63,user_63,Bàn tay ru nôi|Underground|Sisu: Già Gân Báo Thù|Smala Sussie|Spermageddon,https://image.tmdb.org/t/p/original/lK1zWi7EpBIFaGJBf0Y7jjemZe2.jpg|https://image.tmdb.org/t/p/original/lcpdqvmkC95sPubTSSNX5GvTrPv.jpg|https://image.tmdb.org/t/p/original/pBdQ4iorzRV2G38mdS6rzrmUfMA.jpg|https://image.tmdb.org/t/p/original/1pySFXXpL9qlSgP6A6NL5lsHMeu.jpg|https://image.tmdb.org/t/p/original/5OEcsHKZy9TLFz9qXLp5NJN9K8e.jpg,Underground,https://image.tmdb.org/t/p/original/lcpdqvmkC95sPubTSSNX5GvTrPv.jpg
64,user_64,The Dogs|Akin Ang Gabi|Cuộc Đời Forrest Gump|Maladolescenza|Chơi Bóng Ngoài Vũ Trụ,https://image.tmdb.org/t/p/original/48LdnfGahm8LuM2cg7LFWEmrTEd.jpg|https://image.tmdb.org/t/p/original/sihMx6NkKSptBWgFfQhNzYwHP79.jpg|https://image.tmdb.org/t/p/original/67HggiWaP9ZLv5sPYmyRV37yAJM.jpg|https://image.tmdb.org/t/p/original/2AI3pSt5sbAEav6isVDIeCuiZql.jpg|https://image.tmdb.org/t/p/original/xIoWDHSA2ymOewcCpoUID4PpDb3.jpg,Cuộc Đời Forrest Gump,https://image.tmdb.org/t/p/original/67HggiWaP9ZLv5sPYmyRV37yAJM.jpg
65,user_65,Bộ Tứ Siêu Đẳng: Bước Đi Đầu Tiên|Sau Cuộc Săn Lùng|Los bárbaros|Thần Lorax|Quái Vật Không Gian,https://image.tmdb.org/t/p/original/6eLtIyVHCzqoQdsLfOPPNVTxsn7.jpg|https://image.tmdb.org/t/p/original/sJxLi807vafkcFtHsnTe080Emt0.jpg|https://image.tmdb.org/t/p/original/qlgjhx4lubpHpXZbAXinphCVJnk.jpg|https://image.tmdb.org/t/p/original/71FjlP0qZPc1iymcHf8u5vXfH50.jpg|https://image.tmdb.org/t/p/original/cEobq5QrnOJjO6giDs8q4RxmMKh.jpg,Quái Vật Không Gian,https://image.tmdb.org/t/p/original/cEobq5QrnOJjO6giDs8q4RxmMKh.jpg
66,user_66,Mission Park|Altered Reality|Maniac|Beautiful Things|Vengeance Valley,https://image.tmdb.org/t/p/original/5nThQ76KsGEWpPdHU3VoBa78XT7.jpg|https://image.tmdb.org/t/p/original/kBHBPB6xs4PaXDvUE9XAo8rZmFV.jpg|https://image.tmdb.org/t/p/original/egPyHQTaEDn65JurwvNSmwAeqqd.jpg|https://image.tmdb.org/t/p/original/oxVQtRhghe8457Y3FFpqMUtc8Ij.jpg|https://image.tmdb.org/t/p/original/ar0U96O9sZ1VYmhSXzqb3vzlUlQ.jpg,Vengeance Valley,https://image.tmdb.org/t/p/original/ar0U96O9sZ1VYmhSXzqb3vzlUlQ.jpg
67,user_67,Santo Forte|Shrek 3|Người Đẹp và Quái Vật|Kẻ Trộm Mặt Trăng 4|Sree Hari Hara Sudhan Swami Ayyappan,https://image.tmdb.org/t/p/original/vsOZIHSZBY6i2lWNFdWkNc3kkFL.jpg|https://image.tmdb.org/t/p/original/wvXxKpFGXvQJRB0nvvfURhRD3C0.jpg|https://image.tmdb.org/t/p/original/fW4ZCoEZRBqLAJGFQ2g5AdAfPQR.jpg|https://image.tmdb.org/t/p/original/twsxsfao6ZOVvT8LfudH603MMi6.jpg|https://image.tmdb.org/t/p/original/nEhuHCbyniPx4nZJ1L9p9eUhbJy.jpg,Sree Hari Hara Sudhan Swami Ayyappan,https://image.tmdb.org/t/p/original/nEhuHCbyniPx4nZJ1L9p9eUhbJy.jpg
68,user_68,Vương Quốc Xe Hơi 3|Chuyện Tào Lao|Norbit và Cô Nàng Bé Bự|Homo Argentum|Dodo,https://image.tmdb.org/t/p/original/86TlYSntBzD4pxLNM6U3GoOfGdD.jpg|https://image.tmdb.org/t/p/original/suaEOtk1N1sgg2MTM7oZd2cfVp3.jpg|https://image.tmdb.org/t/p/original/nMgQD51KzAqrt4F6iwxw5TetVLW.jpg|https://image.tmdb.org/t/p/original/2fwoBrUYMK0PZVaFqesx2CoRF6H.jpg|https://image.tmdb.org/t/p/original/8YCLmIj9kFEZmQmq0SZKSFzACco.jpg,Chuyện Tào Lao,https://image.tmdb.org/t/p/original/suaEOtk1N1sgg2MTM7oZd2cfVp3.jpg
69,user_69,Na Tra: Ma Đồng Giáng Thế|Ma Ống Kính|Avengers 2: Đế Chế Ultron|Vút Bay|Vua Sư Tử,https://image.tmdb.org/t/p/original/k1pJslKr4aDayw9kWwWnlC3MIP3.jpg|https://image.tmdb.org/t/p/original/icPIdA81Au1TEmgF9rXiW6LdH3e.jpg|https://image.tmdb.org/t/p/original/kIBK5SKwgqIIuRKhhWrJn3XkbPq.jpg|https://image.tmdb.org/t/p/original/hGGC9gKo7CFE3fW07RA587e5kol.jpg|https://image.tmdb.org/t/p/original/q00H8EqULYSK74lgevMkhmGGLHn.jpg,Vua Sư Tử,https://image.tmdb.org/t/p/original/q00H8EqULYSK74lgevMkhmGGLHn.jpg
70,user_70,LEGO Frozen: Operation Puffins|Jumanji - Trò Chơi Kỳ Ảo: Thăng Cấp|Họng Súng Vô Hình|Bẫy Niềm Tin|Violent Ends,https://image.tmdb.org/t/p/original/gbAcTyVtPfzCBs58xs6NYKHiPCp.jpg|https://image.tmdb.org/t/p/original/qgch2rFskIxDMgwrD5lWTaB4nBl.jpg|https://image.tmdb.org/t/p/original/1wi1hcbl6KYqARjdQ4qrBWZdiau.jpg|https://image.tmdb.org/t/p/original/aJgTPBIkB5rovcF9FjUMl05W10D.jpg|https://image.tmdb.org/t/p/original/eqzCnwSw6PZjLCUIZIEGjikw6tB.jpg,Jumanji - Trò Chơi Kỳ Ảo: Thăng Cấp,https://image.tmdb.org/t/p/original/qgch2rFskIxDMgwrD5lWTaB4nBl.jpg
71,user_71,Grinch Đã Đánh Cắp Giáng Sinh Như Thế Nào|Cát Lún|공즉시색|Murder at the Embassy|Chạng Vạng: Hừng Đông - Phần 2,https://image.tmdb.org/t/p/original/sy0vo1cmpKqwPRiMUiJ45jyLsX7.jpg|https://image.tmdb.org/t/p/original/nKOutYdpjpxdeftoXcDnSAaD2z8.jpg|https://image.tmdb.org/t/p/original/flBvN0JFdf7jTMtr0RAHAToUQz9.jpg|https://image.tmdb.org/t/p/original/gLXibzLQ4qegvjdqDC0f8yTij2P.jpg|https://image.tmdb.org/t/p/original/qkl57wzSFrpi2sRpoc2mZJbMuLP.jpg,Grinch Đã Đánh Cắp Giáng Sinh Như Thế Nào,https://image.tmdb.org/t/p/original/sy0vo1cmpKqwPRiMUiJ45jyLsX7.jpg
72,user_72,Chuyến Tàu Sinh Tử|Išgyventi vasarą|Dos Abrazos|The Thicket|Der Rosenkönig,https://image.tmdb.org/t/p/original/fVpFOcQyHJM2di9upgSIwWD5wac.jpg|https://image.tmdb.org/t/p/original/kllvdq6txEVTLHN84k4HNu7D0Tv.jpg|https://image.tmdb.org/t/p/original/gbAlHKuS0vRj9xP0Av2M8V1MROh.jpg|https://image.tmdb.org/t/p/original/3m7252MFY0YkOrr7SmnPEhuSha6.jpg|https://image.tmdb.org/t/p/original/v9qbe0oQQdykkeeEW2m2oaMQAFA.jpg,Išgyventi vasarą,https://image.tmdb.org/t/p/original/kllvdq6txEVTLHN84k4HNu7D0Tv.jpg
73,user_73,Sát Thủ Đối Đầu|Holiday Harmony|RE:BORN|Bên Lề: Chàng Tiền Vệ Và Tôi|All Wet,https://image.tmdb.org/t/p/original/y2Ca1neKke2mGPMaHzlCNDVZqsK.jpg|https://image.tmdb.org/t/p/original/5Qtb47jSlBnzeOzIZqMmlRLV63Q.jpg|https://image.tmdb.org/t/p/original/lXPV1eael4RXaVBnlBG0faihldJ.jpg|https://image.tmdb.org/t/p/original/cmT2WYpFBRk4UjQ0P984BoF8Eba.jpg|https://image.tmdb.org/t/p/original/wLzSi0KoZMB7yEn2RQQyEJ9k39H.jpg,Holiday Harmony,https://image.tmdb.org/t/p/original/5Qtb47jSlBnzeOzIZqMmlRLV63Q.jpg
74,user_74,Carnal Crimes|Plank Face|Trốn Chạy Tử Thần|Homo Argentum|First Moon,https://image.tmdb.org/t/p/original/nvd1ppsERrLPX4yKeQqL98pmMyH.jpg|https://image.tmdb.org/t/p/original/oGwwJbxlVfv4Q4m677yF3IJLCqw.jpg|https://image.tmdb.org/t/p/original/yMhdCF0fRp0NuBDU19JSbmU744w.jpg|https://image.tmdb.org/t/p/original/2fwoBrUYMK0PZVaFqesx2CoRF6H.jpg|https://image.tmdb.org/t/p/original/7h0qCqkuQzmG5vXN3lGBc06reLd.jpg,Plank Face,https://image.tmdb.org/t/p/original/oGwwJbxlVfv4Q4m677yF3IJLCqw.jpg
75,user_75,The Prank|Tee Yai: Tính bản ác|Chuyến Tàu Sinh Tử|Public Enemies|Chó Cưng Đừng Sợ,https://image.tmdb.org/t/p/original/12u5EdTUYjdoAfalFSXrC3IMTpJ.jpg|https://image.tmdb.org/t/p/original/xmnqFHhGNYHf5JFy4GSfiIEG0ly.jpg|https://image.tmdb.org/t/p/original/fVpFOcQyHJM2di9upgSIwWD5wac.jpg|https://image.tmdb.org/t/p/original/s1pkVLCJGgslNnlTN7IHOqKxilj.jpg|https://image.tmdb.org/t/p/original/mPtPJzBkwksUoMEKpkZqxBrlKpZ.jpg,The Prank,https://image.tmdb.org/t/p/original/12u5EdTUYjdoAfalFSXrC3IMTpJ.jpg
76,user_76,Warrior Queen|En kærlighedshistorie|Őszi almanach|Mangiala!|Harry Potter và Bảo Bối Tử Thần: Phần 1,https://image.tmdb.org/t/p/original/iZcknWnGqXNJFEb9YrxT7q21KJ.jpg|https://image.tmdb.org/t/p/original/8JB2ermx5Rg7pL8GtzJ8fpvIdwi.jpg|https://image.tmdb.org/t/p/original/micBq6IA8zfB7A3o7uT8ogcQr9W.jpg|https://image.tmdb.org/t/p/original/qAuAHF32c2bpXiSfTWhZSN2ILne.jpg|https://image.tmdb.org/t/p/original/AqLcLsGGTzAjm3pCCq0CZCQrp6m.jpg,Mangiala!,https://image.tmdb.org/t/p/original/qAuAHF32c2bpXiSfTWhZSN2ILne.jpg
77,user_77,Los bárbaros|Xạ Thủ Miền Viễn Tây: Cuộc Đọ Súng Ác Liệt|Un rubio|Missionary|Thanh Gươm Diệt Quỷ: Chuyến Tàu Vô Tận,https://image.tmdb.org/t/p/original/qlgjhx4lubpHpXZbAXinphCVJnk.jpg|https://image.tmdb.org/t/p/original/zksO4lVnRKRoaSYzh2EDn2Z3Pel.jpg|https://image.tmdb.org/t/p/original/lXajaGvX9fZXEFZ7yd4CgsPWkav.jpg|https://image.tmdb.org/t/p/original/qiGmQNr8Nnj0eFdXBuMyXPUMmXd.jpg|https://image.tmdb.org/t/p/original/xPpXYnCWfjkt3zzE0dpCNME1pXF.jpg,Xạ Thủ Miền Viễn Tây: Cuộc Đọ Súng Ác Liệt,https://image.tmdb.org/t/p/original/zksO4lVnRKRoaSYzh2EDn2Z3Pel.jpg
78,user_78,Jumping Ship|Người Hùng Thời Tận Thế|Hành Trình Django|Đấu Trường Âm Nhạc 2|Levottomat,https://image.tmdb.org/t/p/original/hc10GznHACMOOwGJSDWOrW4F41N.jpg|https://image.tmdb.org/t/p/original/kHOfxq7cMTXyLbj0UmdoGhT540O.jpg|https://image.tmdb.org/t/p/original/5Lbm0gpFDRAPIV1Cth6ln9iL1ou.jpg|https://image.tmdb.org/t/p/original/ztiFxuG0gC6wQ8y7JZFYbCQyN4Y.jpg|https://image.tmdb.org/t/p/original/grTplvWVoB6Fe5wrI2CQnTR1Ci1.jpg,Hành Trình Django,https://image.tmdb.org/t/p/original/5Lbm0gpFDRAPIV1Cth6ln9iL1ou.jpg
79,user_79,Văn Hào Lưu Lạc: Quả Táo Tử Thần|Giấc mơ xe lửa|Anh Hùng Xạ Điêu: Hiệp Chi Đại Giả|Annabelle|Giờ Mất Tích,https://image.tmdb.org/t/p/original/vjnS4iu0SdwXm2LLqZGNCfpId9t.jpg|https://image.tmdb.org/t/p/original/u5NWHVhZ6HWc1fXnqn82cMar5St.jpg|https://image.tmdb.org/t/p/original/1DTIRhw4cpLJlHlrPPbKzq6amHc.jpg|https://image.tmdb.org/t/p/original/eLPXcqgJPCEOf2cMwyTEXejRhrC.jpg|https://image.tmdb.org/t/p/original/yKWZIDo4ixcDUeelk2QGVA1EVmC.jpg,Văn Hào Lưu Lạc: Quả Táo Tử Thần,https://image.tmdb.org/t/p/original/vjnS4iu0SdwXm2LLqZGNCfpId9t.jpg
80,user_80,Fight Another Day|Nữ Quái Xế|Casino Royale|Chúa Tể Của Những Chiếc Nhẫn: Hai Tòa Tháp|Ám Ảnh Dục Vọng,https://image.tmdb.org/t/p/original/znMUHotZRTcyIFWFz2bvcpSx6YP.jpg|https://image.tmdb.org/t/p/original/8jeDyvFQKgss36FbGAmGQVzPXlH.jpg|https://image.tmdb.org/t/p/original/3C8FqRRV9dbODt2qMBSjl3YxiLD.jpg|https://image.tmdb.org/t/p/original/kWYfW2Re0rUDE6IHhy4CRuKWeFr.jpg|https://image.tmdb.org/t/p/original/iGBbWXmAIgpiWg9Mx2D2gLzbg4n.jpg,Nữ Quái Xế,https://image.tmdb.org/t/p/original/8jeDyvFQKgss36FbGAmGQVzPXlH.jpg
81,user_81,Lisístrata|Cưỡng Đoạt 3|Star Wars 4: Niềm Hy Vọng Mới|Cottonpickin' Chickenpickers|High Anxiety,https://image.tmdb.org/t/p/original/sfdQcwUMcrgIT3ElamMynfB0xdR.jpg|https://image.tmdb.org/t/p/original/vFm4pF0BgaWPj0i2zEiZO6TqEQ0.jpg|https://image.tmdb.org/t/p/original/2w4xG178RpB4MDAIfTkqAuSJzec.jpg|https://image.tmdb.org/t/p/original/qYjfzpxRxEU9oSDH7ECyaycxqDL.jpg|https://image.tmdb.org/t/p/original/uZK6kGcO2RRteHoEgkpH4Mwa3lf.jpg,Lisístrata,https://image.tmdb.org/t/p/original/sfdQcwUMcrgIT3ElamMynfB0xdR.jpg
82,user_82,Stripped Naked|Violent Ends|Người Hobbit: Hành Trình Vô Định|Balahibong Pusa|Kỳ An Nghỉ,https://image.tmdb.org/t/p/original/euSBHnTiJ4zoD4VoVSTpBdz8Haq.jpg|https://image.tmdb.org/t/p/original/eqzCnwSw6PZjLCUIZIEGjikw6tB.jpg|https://image.tmdb.org/t/p/original/e9XpCB9XoTSvek6O7PNvJMhSlIK.jpg|https://image.tmdb.org/t/p/original/qonCHPpgjglhq5g7b6lPNHFnByu.jpg|https://image.tmdb.org/t/p/original/5sulGeqGyXj9EvYg8IjxEWFIRdM.jpg,Balahibong Pusa,https://image.tmdb.org/t/p/original/qonCHPpgjglhq5g7b6lPNHFnByu.jpg
83,user_83,Harry Potter và Tù Nhân Azkaban|10 Điều Em Ghét Anh|Svatá čtveřice|Enea|Gia Đình Siêu Nhân 2,https://image.tmdb.org/t/p/original/fVgBU3KJAWHS55FPdbsZQ3YQG2Z.jpg|https://image.tmdb.org/t/p/original/yvPbncYhMu9FfTjDhq0N5lgnVkO.jpg|https://image.tmdb.org/t/p/original/ztxLeqPfhCCewBNOFqIo7pZUY0n.jpg|https://image.tmdb.org/t/p/original/jc61nrh63t9MJ95EXRU29NiGeLY.jpg|https://image.tmdb.org/t/p/original/mabuNsGJgRuCTuGqjFkWe1xdu19.jpg,10 Điều Em Ghét Anh,https://image.tmdb.org/t/p/original/yvPbncYhMu9FfTjDhq0N5lgnVkO.jpg
84,user_84,Spinal Tap II: The End Continues|Tù Binh Chiến Tranh|The Devil’s Trap|Cuồng Phong Thịnh Nộ|Nghệ Sĩ Dương Cầm,https://image.tmdb.org/t/p/original/czmBLRl98O2nTIzU0td3wDS78pN.jpg|https://image.tmdb.org/t/p/original/yGByIyqgJerCw7AAphTrTAlrdkJ.jpg|https://image.tmdb.org/t/p/original/xt3zBU1Ir4JGtVgbKRhi8aSQkpw.jpg|https://image.tmdb.org/t/p/original/965wciBY5wAbQPd6AJyVgBZSk1i.jpg|https://image.tmdb.org/t/p/original/1XqIhsqnAozznGhxlGdI0GPcCro.jpg,Cuồng Phong Thịnh Nộ,https://image.tmdb.org/t/p/original/965wciBY5wAbQPd6AJyVgBZSk1i.jpg
85,user_85,Hẻm Núi - The Gorge|Legionnaire|Cựu Đặc Vụ|Anh Hùng Xạ Điêu: Hiệp Chi Đại Giả|Đấu Trường Sinh Tử: Húng Nhại - Phần 1,https://image.tmdb.org/t/p/original/9nhjGaFLKtddDPtPaX5EmKqsWdH.jpg|https://image.tmdb.org/t/p/original/lHmI3sEY99Sduaupnx3BUXwcD7u.jpg|https://image.tmdb.org/t/p/original/wE1TZtB5G1fdiln3PPnnLhExuCz.jpg|https://image.tmdb.org/t/p/original/1DTIRhw4cpLJlHlrPPbKzq6amHc.jpg|https://image.tmdb.org/t/p/original/lV1P1Q5gLDXVG1ZYCxZHStkcQC3.jpg,Anh Hùng Xạ Điêu: Hiệp Chi Đại Giả,https://image.tmdb.org/t/p/original/1DTIRhw4cpLJlHlrPPbKzq6amHc.jpg
86,user_86,Otobüs Yolcuları|Công Chúa và Chàng Ếch|Dog Man: Anh Hùng Lộ Diện|Sono tornato|En kærlighedshistorie,https://image.tmdb.org/t/p/original/gXi1paqsb3lMxVLfbGVM4qGyKkG.jpg|https://image.tmdb.org/t/p/original/y5tad0a4yRbxYgOHGllEIEeCCKt.jpg|https://image.tmdb.org/t/p/original/iXU87IdtNsYt7n6OigPJBDdbFf1.jpg|https://image.tmdb.org/t/p/original/ioEpDm0sIYG2MRUKajY4RSYKOWP.jpg|https://image.tmdb.org/t/p/original/8JB2ermx5Rg7pL8GtzJ8fpvIdwi.jpg,En kærlighedshistorie,https://image.tmdb.org/t/p/original/8JB2ermx5Rg7pL8GtzJ8fpvIdwi.jpg
87,user_87,Cavalcade|Trò Chơi Ảo Giác: Ares|Dead & Beautiful|Gã Hề Điên Loạn 3|Captain America: Thế Giới Mới,https://image.tmdb.org/t/p/original/9LQdJ807aXpZtE4JsBF62ZXpL4F.jpg|https://image.tmdb.org/t/p/original/jUplF2dluebAYdHa901mhPVOZYU.jpg|https://image.tmdb.org/t/p/original/dtzXL7tKqOeB0rtURC9pCXsRiYm.jpg|https://image.tmdb.org/t/p/original/18TSJF1WLA4CkymvVUcKDBwUJ9F.jpg|https://image.tmdb.org/t/p/original/jhL4eTpccoZSVehhcR8DKLSBHZy.jpg,Trò Chơi Ảo Giác: Ares,https://image.tmdb.org/t/p/original/jUplF2dluebAYdHa901mhPVOZYU.jpg
88,user_88,Anthony Zimmer|P.O.E. : Project of Evil|Lovely Rita|Deadpool và Wolverine|Titanic,https://image.tmdb.org/t/p/original/sD17m2rWAQpRXOB2TiN2IgJBRVG.jpg|https://image.tmdb.org/t/p/original/6Qi4gBTBLDyULhWojtR8DpyJFf4.jpg|https://image.tmdb.org/t/p/original/zvfU3FO7e6i1xZBL3KIxjwhVqN8.jpg|https://image.tmdb.org/t/p/original/ufpeVEM64uZHPpzzeiDNIAdaeOD.jpg|https://image.tmdb.org/t/p/original/xXCuto8YVp5RFqBJ7yKmVmLOWpF.jpg,Lovely Rita,https://image.tmdb.org/t/p/original/zvfU3FO7e6i1xZBL3KIxjwhVqN8.jpg
89,user_89,Hãy Hỏi Tôi Điều Bạn Muốn|LEGO Frozen: Operation Puffins|Người Nhân Bản|Ngày Thứ Sáu Siêu Kỳ Quái|Kẻ Dòm Ngó,https://image.tmdb.org/t/p/original/8Rseq6hAhAItnTrbECEFt35VoSJ.jpg|https://image.tmdb.org/t/p/original/gbAcTyVtPfzCBs58xs6NYKHiPCp.jpg|https://image.tmdb.org/t/p/original/hGLywNhy1Fo1rNFHsNZsXGS69B8.jpg|https://image.tmdb.org/t/p/original/yQy9Y3p5INwkfTuHSnzYnz4MCV3.jpg|https://image.tmdb.org/t/p/original/5KGrBXvE0cYDwqfEaymvNBVspkJ.jpg,Hãy Hỏi Tôi Điều Bạn Muốn,https://image.tmdb.org/t/p/original/8Rseq6hAhAItnTrbECEFt35VoSJ.jpg
90,user_90,Hành Trình Django|Phù Thủy Xứ Oz|Dopo mezzanotte|Das Wachsfigurenkabinett|Điện Thoại Đen 2,https://image.tmdb.org/t/p/original/5Lbm0gpFDRAPIV1Cth6ln9iL1ou.jpg|https://image.tmdb.org/t/p/original/nRsr98MFztBGm532hCVMGXV6qOp.jpg|https://image.tmdb.org/t/p/original/bh2STDcRZSsPmf49CcuTkMpybYH.jpg|https://image.tmdb.org/t/p/original/mgRAexEAT6WmeTjdSwl7GNmlyX2.jpg|https://image.tmdb.org/t/p/original/6zKjoOOb3OZnZuiHtQZn4Kd69Gq.jpg,Dopo mezzanotte,https://image.tmdb.org/t/p/original/bh2STDcRZSsPmf49CcuTkMpybYH.jpg
91,user_91,Ý Niệm Về Anh|Ham Muốn Thể Xác|Giải Grand Prix Châu Âu|Deadsight|Thợ săn quỷ Kpop,https://image.tmdb.org/t/p/original/sI6uCeF8mUlZx22mFfHSi9W3XQ9.jpg|https://image.tmdb.org/t/p/original/aqqoDJs8vYp2EZ74aQ1UMY0sjM7.jpg|https://image.tmdb.org/t/p/original/keToI4XlwYVtImAXjoeoaLJKnfc.jpg|https://image.tmdb.org/t/p/original/j2vB3ao7IDvR4UnCZ0nOcThdV4p.jpg|https://image.tmdb.org/t/p/original/w3Bi0wygeFQctn6AqFTwhGNXRwL.jpg,Giải Grand Prix Châu Âu,https://image.tmdb.org/t/p/original/keToI4XlwYVtImAXjoeoaLJKnfc.jpg
92,user_92,"Hành Tinh Khỉ: Vương Quốc Mới|Mantis|Avatar|The BLVD|Arthur, malédiction",https://image.tmdb.org/t/p/original/iHYh4cdO8ylA3W0dUxTDVdyJ5G9.jpg|https://image.tmdb.org/t/p/original/yOFqBpJ0PEkBdQqalDEaeOiaKbz.jpg|https://image.tmdb.org/t/p/original/7JNzw1tSZZEgsBw6lu0VfO2X2Ef.jpg|https://image.tmdb.org/t/p/original/oyYsgTOdrqO4dPmPIPVmA4XGqes.jpg|https://image.tmdb.org/t/p/original/szX8DlIgwBnrmoziiq8u8nCCWSP.jpg,"Arthur, malédiction",https://image.tmdb.org/t/p/original/szX8DlIgwBnrmoziiq8u8nCCWSP.jpg
93,user_93,Surviving Evil|M3GAN 2.0|Mắt Nhắm Hờ|Phi Vụ Chuyển Tiền|劇場版 呪術廻戦「渋谷事変 特別編集版」×「死滅回游 先行上映」,https://image.tmdb.org/t/p/original/4R0JljXIoadiLxtdf0AXiXdGlQv.jpg|https://image.tmdb.org/t/p/original/cT9ZfwoPDk8JbgkessmQgxAWiaM.jpg|https://image.tmdb.org/t/p/original/aC6wW62V6b0csr5iUnbOjYAqfhg.jpg|https://image.tmdb.org/t/p/original/y7tjLYcq2ZGy2DNG0ODhGX9Tm60.jpg|https://image.tmdb.org/t/p/original/gtKglOSEq3d4MgQE4VsrT1sRkd0.jpg,Surviving Evil,https://image.tmdb.org/t/p/original/4R0JljXIoadiLxtdf0AXiXdGlQv.jpg
94,user_94,Sát Thủ Cùng Phòng|Adventureland|Hải Quỳ Nở Hoa|Giải Cứu Binh Nhì Ryan|Shrek,https://image.tmdb.org/t/p/original/csdXRjL5t3VmW4Kerni5LrwSki7.jpg|https://image.tmdb.org/t/p/original/88R3QYgd4hGO8JKp9Dyc0Nq3vQ4.jpg|https://image.tmdb.org/t/p/original/7BVyUTP33BTXWlulZWGiRWJILkp.jpg|https://image.tmdb.org/t/p/original/rW2xRFlJRbTnBJlQTSjQmjevIwb.jpg|https://image.tmdb.org/t/p/original/40Wtp7kMG6mZ4d5T1jfrd8qrvD4.jpg,Sát Thủ Cùng Phòng,https://image.tmdb.org/t/p/original/csdXRjL5t3VmW4Kerni5LrwSki7.jpg
95,user_95,Another Coffeehouse Chronicles Movie|BECK|Ba Chàng Ngự Lâm|The Thicket|Fear PHarm,https://image.tmdb.org/t/p/original/1dKIjvloNJ1u0fBeGZ28L6y3Fo9.jpg|https://image.tmdb.org/t/p/original/6N0nnXSP6pQ9pE8h5VAc6RGtXx5.jpg|https://image.tmdb.org/t/p/original/iuRVt8tFiXDPGgzavhuSa3QHRxD.jpg|https://image.tmdb.org/t/p/original/3m7252MFY0YkOrr7SmnPEhuSha6.jpg|https://image.tmdb.org/t/p/original/78ycoJaCgjtB0YbDIHaObFwJkvG.jpg,The Thicket,https://image.tmdb.org/t/p/original/3m7252MFY0YkOrr7SmnPEhuSha6.jpg
96,user_96,Cuộc Đổ Bộ Bí Ẩn|Võ Sĩ Đạo Cuối Cùng|Cinayet Süsü|Pułkownik Kwiatkowski|Mantis,https://image.tmdb.org/t/p/original/hNCqkXbWd40eftqSdjq8TmV7Mqr.jpg|https://image.tmdb.org/t/p/original/piXBj3FKEGNb6XCfAM7w5s4BI7O.jpg|https://image.tmdb.org/t/p/original/kCBR40Xb77aGdhDLIgVPzAaz61y.jpg|https://image.tmdb.org/t/p/original/afVowAl99Vqjo3Ji6RyFI17Tk5r.jpg|https://image.tmdb.org/t/p/original/yOFqBpJ0PEkBdQqalDEaeOiaKbz.jpg,Mantis,https://image.tmdb.org/t/p/original/yOFqBpJ0PEkBdQqalDEaeOiaKbz.jpg
97,user_97,Ziemia obiecana|Vacanze di Natale 2000|The Stolen|Gatta Cenerentola|Phản công,https://image.tmdb.org/t/p/original/xQa198uEb8DLwQntDwO9jlilXcC.jpg|https://image.tmdb.org/t/p/original/sJVbaOmHkx8yFcTI3jPnm8DcM99.jpg|https://image.tmdb.org/t/p/original/9LPHqjESTBBWd55RHaukONqMt2C.jpg|https://image.tmdb.org/t/p/original/1vm4QRKJSIHL4b1fpmTOTUzYd6V.jpg|https://image.tmdb.org/t/p/original/deUWVEgNh2IGjShyymZhaYP40ye.jpg,Phản công,https://image.tmdb.org/t/p/original/deUWVEgNh2IGjShyymZhaYP40ye.jpg
98,user_98,Những Gã Trai Hư: Chơi Hay Bị Xơi|Kẻ Vô Danh 2|Django Undisputed|The Divorcee|Cô Dâu Hành Động,https://image.tmdb.org/t/p/original/3q01ACG0MWm0DekhvkPFCXyPZSu.jpg|https://image.tmdb.org/t/p/original/82C04rTiXYZ7c8XZv91Nu53w82Y.jpg|https://image.tmdb.org/t/p/original/nvdLEfAWcfTNn45SpwBnLGBmOR1.jpg|https://image.tmdb.org/t/p/original/d56eqsCmBCGQZebPjIeAL9ZHXWu.jpg|https://image.tmdb.org/t/p/original/2DcD4Hh80SW7YVpwckkiEFRZX06.jpg,Kẻ Vô Danh 2,https://image.tmdb.org/t/p/original/82C04rTiXYZ7c8XZv91Nu53w82Y.jpg
99,user_99,Dead Mail|Cựu Đặc Vụ|Dead Awake|Enkel für Anfänger|Løvekvinnen,https://image.tmdb.org/t/p/original/hZqRxcFLeVfahDZcqCKOLftTxwm.jpg|https://image.tmdb.org/t/p/original/wE1TZtB5G1fdiln3PPnnLhExuCz.jpg|https://image.tmdb.org/t/p/original/wJ7ZHnzgpQbCvPZm0KOJeOHqts4.jpg|https://image.tmdb.org/t/p/original/czoiqnqQwLlXqy3c0Tsx33jIqJY.jpg|https://image.tmdb.org/t/p/original/7b65xb3CgjbmYmWO4RPeuqI0bg8.jpg,Cựu Đặc Vụ,https://image.tmdb.org/t/p/original/wE1TZtB5G1fdiln3PPnnLhExuCz.jpg
100,user_100,Cuộc Đào Tẩu Trên Không|Black Caesar|M3GAN 2.0|Stockholm Bloodbath|Bob Trevino Likes It,https://image.tmdb.org/t/p/original/hwlyY7LJdEFbCPaGNXiskKKmJ5X.jpg|https://image.tmdb.org/t/p/original/jQoflqxtNO0v7m9XZsxEEzzBris.jpg|https://image.tmdb.org/t/p/original/cT9ZfwoPDk8JbgkessmQgxAWiaM.jpg|https://image.tmdb.org/t/p/original/6nCy4OrV7gxhDc3lBSUxkNALPej.jpg|https://image.tmdb.org/t/p/original/m0VOz5KTHxGZB5iegG48U5EjHQD.jpg,Black Caesar,https://image.tmdb.org/t/p/original/jQoflqxtNO0v7m9XZsxEEzzBris.jpg
